Android_time,Stonex_gnss_time,ARCore_yaw,Stonex_yaw,Delta_yaw_AR_Ston
2023-05-02 16:50:07.186,2023-05-02 16:50:07.6,-41.68,-111.863098,70.18309769482421
2023-05-02 16:50:07.186,2023-05-02 16:50:07.6,-41.68,-111.902199,70.22219869482421
2023-05-02 16:50:07.351,2023-05-02 16:50:07.8,-41.74,-111.902199,70.1621973215332
2023-05-02 16:50:07.448,2023-05-02 16:50:07.8,-41.65,-111.906616,70.2566144741211
2023-05-02 16:50:07.579,2023-05-02 16:50:08.0,-41.67,-111.906616,70.23661783105469
2023-05-02 16:50:07.579,2023-05-02 16:50:08.0,-41.67,-111.923805,70.25380683105469
2023-05-02 16:50:07.742,2023-05-02 16:50:08.2,-41.59,-111.923805,70.33380484741211
2023-05-02 16:50:07.778,2023-05-02 16:50:08.2,-41.59,-111.802361,70.21236084741211
2023-05-02 16:50:07.953,2023-05-02 16:50:08.4,-41.71,-111.802361,70.09236191552735
2023-05-02 16:50:08.022,2023-05-02 16:50:08.4,-41.79,-111.940407,70.15040608447265
2023-05-02 16:50:08.208,2023-05-02 16:50:08.6,-41.93,-111.940407,70.01040669482421
2023-05-02 16:50:08.31,2023-05-02 16:50:08.6,-41.21,-112.570724,71.36072491552734
2023-05-02 16:50:08.346,2023-05-02 16:50:08.8,-41.18,-112.570724,71.39072369482422
2023-05-02 16:50:08.479,2023-05-02 16:50:08.8,-41.25,-111.451317,70.201317
2023-05-02 16:50:08.609,2023-05-02 16:50:09.0,-40.6,-111.451317,70.85131852587891
2023-05-02 16:50:08.747,2023-05-02 16:50:09.2,-40.52,-111.451317,70.93131654223633
2023-05-02 16:50:08.81,2023-05-02 16:50:09.2,-40.66,-110.782761,70.12276115258788
2023-05-02 16:50:08.946,2023-05-02 16:50:09.4,-40.68,-110.782761,70.10276069482421
2023-05-02 16:50:09.047,2023-05-02 16:50:09.4,-40.57,-111.071747,70.50174730517578
2023-05-02 16:50:09.153,2023-05-02 16:50:09.6,-40.83,-111.071747,70.24174516894531
2023-05-02 16:50:09.247,2023-05-02 16:50:09.6,-40.71,-111.102158,70.39215891552735
2023-05-02 16:50:09.383,2023-05-02 16:50:09.8,-40.35,-111.102158,70.75215952587891
2023-05-02 16:50:09.417,2023-05-02 16:50:09.8,-40.28,-110.785095,70.50509622070312
2023-05-02 16:50:09.579,2023-05-02 16:50:10.0,-39.34,-110.785095,71.44509484741211
2023-05-02 16:50:09.616,2023-05-02 16:50:10.0,-39.08,-110.162186,71.08218416894532
2023-05-02 16:50:09.757,2023-05-02 16:50:10.2,-36.79,-110.162186,73.37218508447266
2023-05-02 16:50:09.819,2023-05-02 16:50:10.2,-35.13,-107.708786,72.57878493188477
2023-05-02 16:50:10.023,2023-05-02 16:50:10.4,-31.38,-107.708786,76.3287868392334
2023-05-02 16:50:10.023,2023-05-02 16:50:10.4,-31.38,-103.189285,71.8092858392334
2023-05-02 16:50:10.158,2023-05-02 16:50:10.6,-29.59,-103.189285,73.59928484741211
2023-05-02 16:50:10.221,2023-05-02 16:50:10.6,-28.19,-100.364792,72.17479146594238
2023-05-02 16:50:10.626,2023-05-02 16:50:10.8,-15.68,-100.364792,84.68479169482421
2023-05-02 16:50:10.626,2023-05-02 16:50:10.8,-15.68,-95.637444,79.95744369482422
2023-05-02 16:50:10.626,2023-05-02 16:50:11.0,-15.68,-95.637444,79.95744369482422
2023-05-02 16:50:10.652,2023-05-02 16:50:11.0,-14.6,-89.154999,74.55499861853028
2023-05-02 16:50:10.725,2023-05-02 16:50:11.2,-12.64,-89.154999,76.51499865667725
2023-05-02 16:50:10.865,2023-05-02 16:50:11.2,-9.01,-82.864395,73.85439477111817
2023-05-02 16:50:10.956,2023-05-02 16:50:11.4,-4.35,-82.864395,78.51439509536743
2023-05-02 16:50:11.029,2023-05-02 16:50:11.4,-1.73,-75.994942,74.26494198092651
2023-05-02 16:50:11.127,2023-05-02 16:50:11.6,1.73,-75.994942,77.72494201907348
2023-05-02 16:50:11.232,2023-05-02 16:50:11.6,5.81,-68.404762,74.21476194277955
2023-05-02 16:50:11.385,2023-05-02 16:50:11.8,14.16,-68.404762,82.56476184741211
2023-05-02 16:50:11.492,2023-05-02 16:50:11.8,19.13,-59.871044,79.0010431607666
2023-05-02 16:50:11.622,2023-05-02 16:50:12.0,24.79,-59.871044,84.66104491552734
2023-05-02 16:50:11.622,2023-05-02 16:50:12.0,24.79,-49.514286,74.30428691552734
2023-05-02 16:50:11.758,2023-05-02 16:50:12.2,30.86,-49.514286,80.37428661035156
2023-05-02 16:50:11.861,2023-05-02 16:50:12.2,32.89,-40.566547,73.45654638964844
2023-05-02 16:50:11.963,2023-05-02 16:50:12.4,36.09,-40.566547,76.65654715258789
2023-05-02 16:50:12.036,2023-05-02 16:50:12.4,39.14,-35.569313,74.70931238964843
2023-05-02 16:50:12.166,2023-05-02 16:50:12.6,45.8,-35.569313,81.36931223706054
2023-05-02 16:50:12.326,2023-05-02 16:50:12.6,54.31,-26.108732,80.41873337329102
2023-05-02 16:50:12.388,2023-05-02 16:50:12.8,58.35,-26.108732,84.4587304741211
2023-05-02 16:50:12.462,2023-05-02 16:50:12.8,61.76,-15.79068,77.5506783215332
2023-05-02 16:50:12.596,2023-05-02 16:50:13.0,68.27,-15.79068,84.0606766430664
2023-05-02 16:50:12.655,2023-05-02 16:50:13.0,72.9,-5.503375,78.40337652587891
2023-05-02 16:50:12.754,2023-05-02 16:50:13.2,79.08,-5.503375,84.5833768310547
2023-05-02 16:50:12.822,2023-05-02 16:50:13.2,82.31,7.218682,75.09131555859375
2023-05-02 16:50:12.957,2023-05-02 16:50:13.4,90.02,7.218682,82.8013146430664
2023-05-02 16:50:13.021,2023-05-02 16:50:13.4,93.92,17.95644,75.96355816894531
2023-05-02 16:50:13.156,2023-05-02 16:50:13.6,100.55,17.95644,82.59356305175781
2023-05-02 16:50:13.225,2023-05-02 16:50:13.6,102.35,29.104376,73.24562247412109
2023-05-02 16:50:13.389,2023-05-02 16:50:13.8,108.72,29.104376,79.61562522070312
2023-05-02 16:50:13.42,2023-05-02 16:50:13.8,110.46,35.58651,74.87348908447265
2023-05-02 16:50:13.625,2023-05-02 16:50:14.0,120.76,35.58651,85.17349213623046
2023-05-02 16:50:13.625,2023-05-02 16:50:14.0,120.76,45.432625,75.32737713623047
2023-05-02 16:50:13.856,2023-05-02 16:50:14.2,132.24,45.432625,86.80738049316406
2023-05-02 16:50:13.89,2023-05-02 16:50:14.2,134.15,55.409958,78.74003589648437
2023-05-02 16:50:13.992,2023-05-02 16:50:14.4,139.94,55.409958,84.53004444140625
2023-05-02 16:50:14.125,2023-05-02 16:50:14.4,147.34,65.867241,81.47275533789062
2023-05-02 16:50:14.158,2023-05-02 16:50:14.6,148.9,65.867241,83.03275289648437
2023-05-02 16:50:14.272,2023-05-02 16:50:14.6,154.15,77.065948,77.08404589648437
2023-05-02 16:50:14.426,2023-05-02 16:50:14.8,164.29,77.065948,87.2240452861328
2023-05-02 16:50:14.53,2023-05-02 16:50:14.8,168.76,88.264755,80.49523950683594
2023-05-02 16:50:14.674,2023-05-02 16:50:15.0,174.2,88.264755,85.9352419482422
2023-05-02 16:50:14.739,2023-05-02 16:50:15.0,176.35,98.381058,77.96894810351563
2023-05-02 16:50:14.866,2023-05-02 16:50:15.2,-178.74,98.381058,-277.12106349316406
2023-05-02 16:50:14.964,2023-05-02 16:50:15.4,-172.73,98.381058,-271.11105372753906
2023-05-02 16:50:15.064,2023-05-02 16:50:15.4,-166.77,114.641174,-281.4111782724609
2023-05-02 16:50:15.167,2023-05-02 16:50:15.6,-162.23,114.641174,-276.87116972753904
2023-05-02 16:50:15.231,2023-05-02 16:50:15.6,-158.57,125.954544,-284.52455132421875
2023-05-02 16:50:15.403,2023-05-02 16:50:15.8,-149.48,125.954544,-275.43453972753906
2023-05-02 16:50:15.464,2023-05-02 16:50:15.8,-145.01,136.227158,-281.23715250683597
2023-05-02 16:50:15.596,2023-05-02 16:50:16.0,-138.12,136.227158,-274.34715311718753
2023-05-02 16:50:15.67,2023-05-02 16:50:16.0,-135.6,148.644379,-284.2443851035156
2023-05-02 16:50:15.742,2023-05-02 16:50:16.2,-132.74,148.644379,-281.384384493164
2023-05-02 16:50:16.03,2023-05-02 16:50:16.2,-121.48,157.014206,-278.4942093569336
2023-05-02 16:50:16.063,2023-05-02 16:50:16.4,-119.83,157.014206,-276.8442078310547
2023-05-02 16:50:16.063,2023-05-02 16:50:16.4,-119.83,165.083374,-284.9133758310547
2023-05-02 16:50:16.133,2023-05-02 16:50:16.6,-116.26,165.083374,-281.34337613623046
2023-05-02 16:50:16.2,2023-05-02 16:50:16.6,-113.83,173.468521,-287.2985228310547
2023-05-02 16:50:16.339,2023-05-02 16:50:16.8,-108.92,173.468521,-282.3885191689453
2023-05-02 16:50:16.405,2023-05-02 16:50:16.8,-105.86,-179.200333,73.34033238964844
2023-05-02 16:50:16.605,2023-05-02 16:50:17.0,-101.13,-179.200333,78.07033574658203
2023-05-02 16:50:16.636,2023-05-02 16:50:17.0,-99.23,-173.593369,74.3633656430664
2023-05-02 16:50:16.771,2023-05-02 16:50:17.2,-89.99,-173.593369,83.60337113623046
2023-05-02 16:50:16.771,2023-05-02 16:50:17.2,-89.99,-162.388657,72.39865913623046
2023-05-02 16:50:16.9,2023-05-02 16:50:17.4,-82.88,-162.388657,79.50865974658203
2023-05-02 16:50:17.1,2023-05-02 16:50:17.4,-70.35,-151.35643,81.0064315258789
2023-05-02 16:50:17.1,2023-05-02 16:50:17.6,-70.35,-151.35643,81.0064315258789
2023-05-02 16:50:17.179,2023-05-02 16:50:17.6,-66.84,-139.070175,72.23017866210938
2023-05-02 16:50:17.368,2023-05-02 16:50:17.8,-58.9,-139.070175,80.1701734741211
2023-05-02 16:50:17.438,2023-05-02 16:50:17.8,-56.39,-130.437134,74.04713461035155
2023-05-02 16:50:17.577,2023-05-02 16:50:18.0,-51.07,-130.437134,79.36713430517577
2023-05-02 16:50:17.577,2023-05-02 16:50:18.0,-51.07,-122.82,71.75000030517577
2023-05-02 16:50:17.804,2023-05-02 16:50:18.2,-44.74,-122.82,78.0799983215332
2023-05-02 16:50:17.842,2023-05-02 16:50:18.2,-44.89,-115.619377,70.72937761035156
2023-05-02 16:50:17.914,2023-05-02 16:50:18.4,-44.4,-115.619377,71.2193754741211
2023-05-02 16:50:17.973,2023-05-02 16:50:18.4,-44.47,-114.857666,70.38766477929687
2023-05-02 16:50:18.142,2023-05-02 16:50:18.6,-43.42,-114.857666,71.43766783105468
2023-05-02 16:50:18.249,2023-05-02 16:50:18.6,-42.46,-114.226166,71.76616691552735
2023-05-02 16:50:18.374,2023-05-02 16:50:18.8,-42.63,-114.226166,71.59616493188477
2023-05-02 16:50:18.405,2023-05-02 16:50:18.8,-42.53,-113.333954,70.80395522070313
2023-05-02 16:50:18.64,2023-05-02 16:50:19.0,-42.55,-113.33947,70.78947076293946
2023-05-02 16:50:18.739,2023-05-02 16:50:19.0,-42.69,-113.33947,70.64947137329102
2023-05-02 16:50:18.739,2023-05-02 16:50:19.2,-42.69,-113.33947,70.64947137329102
2023-05-02 16:50:18.881,2023-05-02 16:50:19.2,-42.98,-113.486565,70.50656545776367
2023-05-02 16:50:18.942,2023-05-02 16:50:19.4,-42.68,-113.486565,70.80656469482422
2023-05-02 16:50:18.974,2023-05-02 16:50:19.4,-42.57,-113.667999,71.09799930517578
2023-05-02 16:50:19.146,2023-05-02 16:50:19.6,-42.64,-113.667999,71.02799961035156
2023-05-02 16:50:19.278,2023-05-02 16:50:19.6,-42.14,-113.708794,71.56879461035156
2023-05-02 16:50:19.346,2023-05-02 16:50:19.8,-42.12,-113.708794,71.58879506811523
2023-05-02 16:50:19.414,2023-05-02 16:50:19.8,-41.99,-113.161308,71.17130632153321
2023-05-02 16:50:19.615,2023-05-02 16:50:20.0,-33.25,-113.161308,79.911308
2023-05-02 16:50:19.679,2023-05-02 16:50:20.0,-25.14,-110.365273,85.22527361035156
2023-05-02 16:50:19.743,2023-05-02 16:50:20.2,-14.59,-110.365273,95.77527284741211
2023-05-02 16:50:19.775,2023-05-02 16:50:20.2,-8.61,-87.971291,79.36129134332275
2023-05-02 16:50:19.883,2023-05-02 16:50:20.4,10.21,-87.971291,98.18129103814697
2023-05-02 16:50:20.01,2023-05-02 16:50:20.4,29.1,-52.337418,81.43741838146973
2023-05-02 16:50:20.211,2023-05-02 16:50:20.6,39.88,-52.337418,92.21741906811523
2023-05-02 16:50:20.211,2023-05-02 16:50:20.6,39.88,-34.805458,74.68545906811524
2023-05-02 16:50:20.309,2023-05-02 16:50:20.8,45.43,-34.805458,80.23545830517578
2023-05-02 16:50:20.374,2023-05-02 16:50:20.8,46.35,-24.706066,71.05606447412109
2023-05-02 16:50:20.644,2023-05-02 16:50:21.0,45.14,-24.706066,69.84606538964843
2023-05-02 16:50:20.644,2023-05-02 16:50:21.0,45.14,-25.40571,70.54570938964844
2023-05-02 16:50:20.741,2023-05-02 16:50:21.2,45.01,-25.40571,70.4157083215332
2023-05-02 16:50:20.808,2023-05-02 16:50:21.2,44.89,-25.678755,70.56875438964843
2023-05-02 16:50:21.016,2023-05-02 16:50:21.4,43.19,-25.678755,68.86875362670898
2023-05-02 16:50:21.052,2023-05-02 16:50:21.4,42.78,-26.388126,69.16812477929687
2023-05-02 16:50:21.515,2023-05-02 16:50:21.6,40.6,-26.388126,66.9881244741211
2023-05-02 16:50:21.515,2023-05-02 16:50:21.6,40.6,-28.342239,68.9422374741211
2023-05-02 16:50:21.515,2023-05-02 16:50:21.8,40.6,-28.342239,68.9422374741211
2023-05-02 16:50:21.543,2023-05-02 16:50:21.8,40.59,-28.385031,68.97503115258789
2023-05-02 16:50:21.611,2023-05-02 16:50:22.0,41.05,-28.385031,69.43503023706054
2023-05-02 16:50:21.611,2023-05-02 16:50:22.0,41.05,-30.056168,71.10616723706055
2023-05-02 16:50:21.75,2023-05-02 16:50:22.2,42.27,-30.056168,72.32616845776367
2023-05-02 16:50:21.847,2023-05-02 16:50:22.2,42.04,-28.435165,70.47516591552734
2023-05-02 16:50:21.951,2023-05-02 16:50:22.4,43.45,-28.435165,71.88516576293945
2023-05-02 16:50:22.115,2023-05-02 16:50:22.4,61.76,-27.728214,89.48821232153321
2023-05-02 16:50:22.217,2023-05-02 16:50:22.6,83.0,-27.728214,110.72821400000001
2023-05-02 16:50:22.217,2023-05-02 16:50:22.6,83.0,-6.108366,89.108366
2023-05-02 16:50:22.483,2023-05-02 16:50:22.8,122.49,-6.108366,128.59836386376952
2023-05-02 16:50:22.483,2023-05-02 16:50:22.8,122.49,35.737453,86.75254486376953
2023-05-02 16:50:22.684,2023-05-02 16:50:23.0,128.2,35.737453,92.46254394824219
2023-05-02 16:50:22.684,2023-05-02 16:50:23.0,128.2,54.971344,73.22865294824219
2023-05-02 16:50:22.757,2023-05-02 16:50:23.2,128.14,54.971344,73.16865538964844
2023-05-02 16:50:22.858,2023-05-02 16:50:23.2,128.4,57.791485,70.60850889648438
2023-05-02 16:50:22.957,2023-05-02 16:50:23.4,129.57,57.791485,71.77852232421876
2023-05-02 16:50:23.056,2023-05-02 16:50:23.4,131.23,58.877274,72.35272172753906
2023-05-02 16:50:23.217,2023-05-02 16:50:23.6,131.35,58.877274,72.47273210351563
2023-05-02 16:50:23.217,2023-05-02 16:50:23.6,131.35,60.85355,70.49645610351563
2023-05-02 16:50:23.38,2023-05-02 16:50:23.8,130.89,60.85355,70.03644938964844
2023-05-02 16:50:23.524,2023-05-02 16:50:23.8,130.63,61.015732,69.6142728828125
2023-05-02 16:50:23.689,2023-05-02 16:50:24.0,130.48,61.015732,69.46426372753906
2023-05-02 16:50:23.689,2023-05-02 16:50:24.0,130.48,60.365593,70.11440272753907
2023-05-02 16:50:23.818,2023-05-02 16:50:24.2,130.23,60.365593,69.86440272753907
2023-05-02 16:50:23.926,2023-05-02 16:50:24.2,130.34,60.094597,70.24539933789063
2023-05-02 16:50:23.926,2023-05-02 16:50:24.4,130.34,60.094597,70.24539933789063
2023-05-02 16:50:24.02,2023-05-02 16:50:24.4,130.85,60.181843,70.66816310351562
2023-05-02 16:50:24.227,2023-05-02 16:50:24.6,132.84,60.181843,72.65815333789062
2023-05-02 16:50:24.351,2023-05-02 16:50:24.6,144.02,61.824707,82.19529727246095
2023-05-02 16:50:24.351,2023-05-02 16:50:24.8,144.02,61.824707,82.19529727246095
2023-05-02 16:50:24.619,2023-05-02 16:50:25.0,-165.42,61.824707,-227.2447051689453
2023-05-02 16:50:24.688,2023-05-02 16:50:25.0,-156.4,109.309372,-265.70936589648437
2023-05-02 16:50:24.72,2023-05-02 16:50:25.2,-151.57,109.309372,-260.87937932421875
2023-05-02 16:50:24.82,2023-05-02 16:50:25.2,-138.57,139.46907,-278.03907732421874
2023-05-02 16:50:24.981,2023-05-02 16:50:25.4,-137.69,139.46907,-277.15907244140624
2023-05-02 16:50:25.029,2023-05-02 16:50:25.4,-137.62,152.824081,-290.4440761171875
2023-05-02 16:50:25.126,2023-05-02 16:50:25.6,-137.88,152.824081,-290.7040858828125
2023-05-02 16:50:25.194,2023-05-02 16:50:25.6,-138.59,152.189529,-290.7795253378906
2023-05-02 16:50:25.293,2023-05-02 16:50:25.8,-138.56,152.189529,-290.74952655859374
2023-05-02 16:50:25.358,2023-05-02 16:50:25.8,-138.62,151.546539,-290.1665341171875
2023-05-02 16:50:25.593,2023-05-02 16:50:26.0,-138.66,151.546539,-290.20654266210937
2023-05-02 16:50:25.593,2023-05-02 16:50:26.0,-138.66,151.358002,-290.0180056621094
2023-05-02 16:50:25.721,2023-05-02 16:50:26.2,-138.38,151.358002,-289.7380068828125
2023-05-02 16:50:25.788,2023-05-02 16:50:26.2,-138.39,151.720795,-290.11079438964845
2023-05-02 16:50:25.895,2023-05-02 16:50:26.4,-138.28,151.720795,-290.0007937792969
2023-05-02 16:50:26.001,2023-05-02 16:50:26.4,-138.43,151.706894,-290.1368866757813
2023-05-02 16:50:26.136,2023-05-02 16:50:26.6,-137.27,151.706894,-288.97689827246097
2023-05-02 16:50:26.202,2023-05-02 16:50:26.6,-136.08,152.843842,-288.9238438310547
2023-05-02 16:50:26.368,2023-05-02 16:50:26.8,-120.11,152.843842,-272.95384261035156
2023-05-02 16:50:26.393,2023-05-02 16:50:26.8,-114.72,165.372787,-280.09278822070314
2023-05-02 16:50:26.933,2023-05-02 16:50:27.0,-40.63,165.372787,-206.00278806811522
2023-05-02 16:50:26.933,2023-05-02 16:50:27.0,-40.63,-156.058289,115.42828793188477
2023-05-02 16:50:26.933,2023-05-02 16:50:27.2,-40.63,-156.058289,115.42828793188477
2023-05-02 16:50:26.933,2023-05-02 16:50:27.4,-40.63,-156.058289,115.42828793188477
2023-05-02 16:50:26.965,2023-05-02 16:50:27.4,-40.09,-110.441681,70.35168084741211
2023-05-02 16:50:27.096,2023-05-02 16:50:27.6,-41.8,-110.441681,68.64168176293946
2023-05-02 16:50:27.205,2023-05-02 16:50:27.6,-42.69,-111.941933,69.25193437329102
2023-05-02 16:50:27.332,2023-05-02 16:50:27.8,-45.34,-111.941933,66.60193284741212
2023-05-02 16:50:27.397,2023-05-02 16:50:27.8,-47.32,-115.77755,68.45755030517579
2023-05-02 16:50:27.567,2023-05-02 16:50:28.0,-49.53,-115.77755,66.24755122070313
2023-05-02 16:50:27.567,2023-05-02 16:50:28.0,-49.53,-120.117638,70.58763922070312
2023-05-02 16:50:27.727,2023-05-02 16:50:28.2,-47.53,-120.117638,72.58763922070312
2023-05-02 16:50:27.831,2023-05-02 16:50:28.2,-47.9,-118.210518,70.31051647412109
2023-05-02 16:50:27.939,2023-05-02 16:50:28.4,-48.45,-118.210518,69.76051723706054
2023-05-02 16:50:27.969,2023-05-02 16:50:28.4,-48.57,-119.204468,70.63446830517579
2023-05-02 16:50:28.135,2023-05-02 16:50:28.6,-48.82,-119.204468,70.38446830517579
2023-05-02 16:50:28.176,2023-05-02 16:50:28.6,-48.94,-119.634529,70.69453037329102
2023-05-02 16:50:28.302,2023-05-02 16:50:28.8,-48.94,-119.634529,70.69453037329102
2023-05-02 16:50:28.574,2023-05-02 16:50:29.0,-46.95,-119.634529,72.68452823706055
2023-05-02 16:50:28.668,2023-05-02 16:50:29.0,-46.83,-117.961197,71.13119516894531
2023-05-02 16:50:28.706,2023-05-02 16:50:29.2,-46.8,-117.961197,71.16119776293945
2023-05-02 16:50:28.804,2023-05-02 16:50:29.2,-46.19,-117.693535,71.50353637329101
2023-05-02 16:50:28.977,2023-05-02 16:50:29.4,-44.0,-117.693535,73.693535
2023-05-02 16:50:29.099,2023-05-02 16:50:29.4,-43.57,-115.377968,71.80796830517578
2023-05-02 16:50:29.099,2023-05-02 16:50:29.6,-43.57,-115.377968,71.80796830517578
2023-05-02 16:50:29.165,2023-05-02 16:50:29.6,-44.0,-114.747894,70.747894
2023-05-02 16:50:29.373,2023-05-02 16:50:29.8,-42.06,-114.747894,72.68789262670899
2023-05-02 16:50:29.472,2023-05-02 16:50:29.8,-42.68,-113.372177,70.69217669482421
2023-05-02 16:50:29.674,2023-05-02 16:50:30.0,-44.44,-113.372177,68.93217837329101
2023-05-02 16:50:29.674,2023-05-02 16:50:30.0,-44.44,-114.437645,69.99764637329102
2023-05-02 16:50:29.764,2023-05-02 16:50:30.2,-43.87,-114.437645,70.56764606811524
2023-05-02 16:50:29.797,2023-05-02 16:50:30.2,-43.53,-115.155487,71.62548822070312
2023-05-02 16:50:29.898,2023-05-02 16:50:30.4,-42.18,-115.155487,72.97548669482421
2023-05-02 16:50:30.062,2023-05-02 16:50:30.4,-34.52,-112.523888,78.00388754223633
2023-05-02 16:50:30.129,2023-05-02 16:50:30.6,-27.33,-112.523888,85.19388807629394
2023-05-02 16:50:30.364,2023-05-02 16:50:30.8,12.84,-112.523888,125.36388815258789
2023-05-02 16:50:30.364,2023-05-02 16:50:30.8,12.84,-65.548607,78.3886071525879
2023-05-02 16:50:30.6,2023-05-02 16:50:31.0,62.09,-65.548607,127.6386071525879
2023-05-02 16:50:30.6,2023-05-02 16:50:31.0,62.09,-26.005243,88.0952431525879
2023-05-02 16:50:30.7,2023-05-02 16:50:31.2,84.84,-26.005243,110.84523933789063
2023-05-02 16:50:30.766,2023-05-02 16:50:31.2,98.67,18.970951,79.69904716894531
2023-05-02 16:50:30.935,2023-05-02 16:50:31.4,125.32,18.970951,106.34904869482422
2023-05-02 16:50:30.972,2023-05-02 16:50:31.4,130.39,53.042259,77.34774038964844
2023-05-02 16:50:31.137,2023-05-02 16:50:31.6,161.32,53.042259,108.27774832421875
2023-05-02 16:50:31.301,2023-05-02 16:50:31.8,-163.15,53.042259,-216.19225289648438
2023-05-02 16:50:31.572,2023-05-02 16:50:32.0,-101.33,53.042259,-154.3722608310547
2023-05-02 16:50:31.572,2023-05-02 16:50:32.0,-101.33,175.414291,-276.7442928310547
2023-05-02 16:50:31.738,2023-05-02 16:50:32.2,-51.33,175.414291,-226.74429283105468
2023-05-02 16:50:31.838,2023-05-02 16:50:32.2,-18.42,-126.528839,108.10883892370606
2023-05-02 16:50:31.949,2023-05-02 16:50:32.4,10.82,-126.528839,137.34883869482422
2023-05-02 16:50:32.373,2023-05-02 16:50:32.4,-15.39,-62.566711,47.176710656677244
2023-05-02 16:50:32.373,2023-05-02 16:50:32.599,-15.39,-62.566711,47.176710656677244
2023-05-02 16:50:32.404,2023-05-02 16:50:32.599,-18.79,-64.617279,45.82727808447265
2023-05-02 16:50:32.404,2023-05-02 16:50:32.8,-18.79,-64.617279,45.82727808447265
2023-05-02 16:50:32.404,2023-05-02 16:50:32.8,-18.79,-81.332802,62.54280108447266
2023-05-02 16:50:32.574,2023-05-02 16:50:33.0,-25.97,-81.332802,55.36280268664551
2023-05-02 16:50:32.657,2023-05-02 16:50:33.0,-27.75,-96.39946,68.64946
2023-05-02 16:50:32.746,2023-05-02 16:50:33.2,-30.59,-96.39946,65.80945984741211
2023-05-02 16:50:32.777,2023-05-02 16:50:33.2,-31.74,-101.47097,69.73097022888183
2023-05-02 16:50:32.94,2023-05-02 16:50:33.4,-40.32,-101.47097,61.150970305175775
2023-05-02 16:50:33.043,2023-05-02 16:50:33.4,-43.22,-110.526733,67.30673177929687
2023-05-02 16:50:33.143,2023-05-02 16:50:33.6,-46.16,-110.526733,64.36673315258788
2023-05-02 16:50:33.242,2023-05-02 16:50:33.6,-50.19,-116.081551,65.89155237329102
2023-05-02 16:50:33.41,2023-05-02 16:50:33.8,-53.04,-116.081551,63.04155008447266
2023-05-02 16:50:33.41,2023-05-02 16:50:33.8,-53.04,-122.667038,69.62703708447266
2023-05-02 16:50:33.647,2023-05-02 16:50:34.0,-47.29,-122.667038,75.37703708447266
2023-05-02 16:50:33.647,2023-05-02 16:50:34.0,-47.29,-119.637917,72.34791608447266
2023-05-02 16:50:33.778,2023-05-02 16:50:34.2,-47.29,-119.637917,72.34791608447266
2023-05-02 16:50:33.844,2023-05-02 16:50:34.2,-47.17,-117.890175,70.72017683105469
2023-05-02 16:50:33.949,2023-05-02 16:50:34.4,-48.43,-117.890175,69.46017469482422
2023-05-02 16:50:34.047,2023-05-02 16:50:34.4,-50.35,-118.705833,68.3558345258789
2023-05-02 16:50:34.153,2023-05-02 16:50:34.6,-51.21,-118.705833,67.49583391552734
2023-05-02 16:50:34.522,2023-05-02 16:50:34.8,-52.23,-118.705833,66.47583345776367
2023-05-02 16:50:34.522,2023-05-02 16:50:34.8,-52.23,-121.654152,69.42415245776367
2023-05-02 16:50:34.645,2023-05-02 16:50:35.0,-54.46,-121.654152,67.19415291552734
2023-05-02 16:50:34.951,2023-05-02 16:50:35.2,-54.79,-121.654152,66.86415108447265
2023-05-02 16:50:34.951,2023-05-02 16:50:35.2,-54.79,-126.570213,71.78021208447265
2023-05-02 16:50:34.951,2023-05-02 16:50:35.4,-54.79,-126.570213,71.78021208447265
2023-05-02 16:50:35.153,2023-05-02 16:50:35.6,-53.15,-126.570213,73.42021147412109
2023-05-02 16:50:35.39,2023-05-02 16:50:35.8,-51.69,-126.570213,74.88021437329101
2023-05-02 16:50:35.452,2023-05-02 16:50:35.8,-52.28,-122.229141,69.94914222070312
2023-05-02 16:50:35.69,2023-05-02 16:50:36.0,-52.56,-122.229141,69.66913962670898
2023-05-02 16:50:35.719,2023-05-02 16:50:36.0,-52.82,-123.117592,70.29759230517578
2023-05-02 16:50:35.748,2023-05-02 16:50:36.2,-53.08,-123.117592,70.03759016894531
2023-05-02 16:50:35.851,2023-05-02 16:50:36.2,-53.76,-123.960609,70.2006106784668
2023-05-02 16:50:35.981,2023-05-02 16:50:36.4,-55.1,-123.960609,68.86061052587891
2023-05-02 16:50:36.012,2023-05-02 16:50:36.4,-55.6,-125.537758,69.9377595258789
2023-05-02 16:50:36.148,2023-05-02 16:50:36.6,-58.64,-125.537758,66.89775861035156
2023-05-02 16:50:36.214,2023-05-02 16:50:36.6,-60.01,-129.343246,69.33324767846679
2023-05-02 16:50:36.356,2023-05-02 16:50:36.8,-59.38,-129.343246,69.96324493188476
2023-05-02 16:50:36.448,2023-05-02 16:50:36.8,-59.47,-131.004257,71.53425577929687
2023-05-02 16:50:36.622,2023-05-02 16:50:37.0,-58.75,-131.004257,72.254257
2023-05-02 16:50:36.658,2023-05-02 16:50:37.0,-58.63,-130.42244,71.79243893188476
2023-05-02 16:50:36.787,2023-05-02 16:50:37.2,-56.5,-130.42244,73.92244
2023-05-02 16:50:36.821,2023-05-02 16:50:37.2,-55.48,-129.410797,73.93079745776367
2023-05-02 16:50:36.953,2023-05-02 16:50:37.4,-53.1,-129.410797,76.31079852587891
2023-05-02 16:50:37.054,2023-05-02 16:50:37.4,-53.13,-124.793976,71.66397493188477
2023-05-02 16:50:37.162,2023-05-02 16:50:37.6,-51.34,-124.793976,73.45397584741211
2023-05-02 16:50:37.228,2023-05-02 16:50:37.6,-50.53,-123.456787,72.92678822070313
2023-05-02 16:50:37.387,2023-05-02 16:50:37.8,-51.12,-123.456787,72.33678806811524
2023-05-02 16:50:37.418,2023-05-02 16:50:37.8,-51.15,-122.571457,71.42145547412109
2023-05-02 16:50:37.853,2023-05-02 16:50:38.0,-49.59,-122.571457,72.9814568474121
2023-05-02 16:50:37.853,2023-05-02 16:50:38.0,-49.59,-123.16317,73.5731698474121
2023-05-02 16:50:37.853,2023-05-02 16:50:38.2,-49.59,-123.16317,73.5731698474121
2023-05-02 16:50:37.853,2023-05-02 16:50:38.2,-49.59,-123.234062,73.6440618474121
2023-05-02 16:50:37.923,2023-05-02 16:50:38.4,-47.67,-123.234062,75.56406383105468
2023-05-02 16:50:38.188,2023-05-02 16:50:38.6,-26.09,-123.234062,97.1440618474121
2023-05-02 16:50:38.219,2023-05-02 16:50:38.6,-19.05,-107.437546,88.38754676293945
2023-05-02 16:50:38.354,2023-05-02 16:50:38.8,17.77,-107.437546,125.20754645776367
2023-05-02 16:50:38.419,2023-05-02 16:50:38.8,37.19,-62.03862,99.228618626709
2023-05-02 16:50:38.718,2023-05-02 16:50:39.0,98.19,-62.03862,160.22862244140626
2023-05-02 16:50:38.718,2023-05-02 16:50:39.0,98.19,-6.912463,105.10246544140625
2023-05-02 16:50:38.959,2023-05-02 16:50:39.2,130.07,-6.912463,136.98247032421875
2023-05-02 16:50:38.959,2023-05-02 16:50:39.2,130.07,27.570555,102.49945232421875
2023-05-02 16:50:38.992,2023-05-02 16:50:39.4,134.41,27.570555,106.83944866210938
2023-05-02 16:50:39.023,2023-05-02 16:50:39.4,138.73,54.856434,83.87356172753906
2023-05-02 16:50:39.16,2023-05-02 16:50:39.6,149.76,54.856434,94.90356050683593
2023-05-02 16:50:39.389,2023-05-02 16:50:39.8,146.47,54.856434,91.61356722070312
2023-05-02 16:50:39.523,2023-05-02 16:50:39.8,147.96,75.074043,72.88596371386718
2023-05-02 16:50:39.631,2023-05-02 16:50:40.0,148.0,75.074043,72.925957
2023-05-02 16:50:39.631,2023-05-02 16:50:40.0,148.0,76.516548,71.483452
2023-05-02 16:50:39.792,2023-05-02 16:50:40.2,147.7,76.516548,71.18344894824219
2023-05-02 16:50:39.893,2023-05-02 16:50:40.2,147.59,76.369614,71.22038233789063
2023-05-02 16:50:40.027,2023-05-02 16:50:40.4,147.44,76.369614,71.07038844140625
2023-05-02 16:50:40.027,2023-05-02 16:50:40.4,147.44,76.195168,71.24483444140625
2023-05-02 16:50:40.19,2023-05-02 16:50:40.6,145.88,76.195168,69.6848368828125
2023-05-02 16:50:40.291,2023-05-02 16:50:40.6,140.48,75.382401,65.09759472753906
2023-05-02 16:50:40.428,2023-05-02 16:50:40.8,121.76,75.382401,46.37760113623047
2023-05-02 16:50:40.428,2023-05-02 16:50:40.8,121.76,65.46627,56.293732136230474
2023-05-02 16:50:40.595,2023-05-02 16:50:41.0,89.22,65.46627,23.75373122070313
2023-05-02 16:50:40.595,2023-05-02 16:50:41.0,89.22,31.193096,58.02690522070313
2023-05-02 16:50:40.826,2023-05-02 16:50:41.2,41.11,31.193096,9.916904610351562
2023-05-02 16:50:40.826,2023-05-02 16:50:41.2,41.11,-9.259071,50.36907161035156
2023-05-02 16:50:40.99,2023-05-02 16:50:41.4,9.17,-9.259071,18.429071076293944
2023-05-02 16:50:41.108,2023-05-02 16:50:41.4,-6.79,-49.472569,42.68256903814697
2023-05-02 16:50:41.13,2023-05-02 16:50:41.6,-11.86,-49.472569,37.612569343322754
2023-05-02 16:50:41.233,2023-05-02 16:50:41.6,-27.17,-82.739166,55.56916592370605
2023-05-02 16:50:41.328,2023-05-02 16:50:41.8,-40.57,-82.739166,42.16916630517578
2023-05-02 16:50:41.605,2023-05-02 16:50:42.0,-37.01,-82.739166,45.729167678466794
2023-05-02 16:50:41.605,2023-05-02 16:50:42.0,-37.01,-109.819016,72.8090176784668
2023-05-02 16:50:41.728,2023-05-02 16:50:42.2,-37.03,-109.819016,72.78901722070313
2023-05-02 16:50:41.796,2023-05-02 16:50:42.2,-37.52,-107.573112,70.05311154223632
2023-05-02 16:50:41.903,2023-05-02 16:50:42.4,-38.05,-107.573112,69.52311276293945
2023-05-02 16:50:41.965,2023-05-02 16:50:42.4,-37.87,-108.520981,70.65098206811524
2023-05-02 16:50:42.143,2023-05-02 16:50:42.6,-37.25,-108.520981,71.270981
2023-05-02 16:50:42.199,2023-05-02 16:50:42.6,-37.25,-107.668045,70.418045
2023-05-02 16:50:42.307,2023-05-02 16:50:42.8,-37.15,-107.668045,70.5180434741211
2023-05-02 16:50:42.566,2023-05-02 16:50:43.0,-23.83,-107.668045,83.83804507629395
2023-05-02 16:50:42.638,2023-05-02 16:50:43.0,-12.9,-98.910614,86.01061438146972
2023-05-02 16:50:42.706,2023-05-02 16:50:43.2,-0.38,-98.910614,98.53061400476837
2023-05-02 16:50:42.808,2023-05-02 16:50:43.2,21.18,-64.942024,86.12202430517578
2023-05-02 16:50:43.276,2023-05-02 16:50:43.4,122.15,-64.942024,187.0920255258789
2023-05-02 16:50:43.276,2023-05-02 16:50:43.4,122.15,-21.521126,143.67112752587892
2023-05-02 16:50:43.276,2023-05-02 16:50:43.6,122.15,-21.521126,143.67112752587892
2023-05-02 16:50:43.381,2023-05-02 16:50:43.6,135.62,23.13147,112.48852511718749
2023-05-02 16:50:43.381,2023-05-02 16:50:43.8,135.62,23.13147,112.48852511718749
2023-05-02 16:50:43.409,2023-05-02 16:50:43.8,138.83,60.299679,78.53032283105469
2023-05-02 16:50:43.6,2023-05-02 16:50:44.0,146.63,60.299679,86.3303258828125
2023-05-02 16:50:43.741,2023-05-02 16:50:44.0,145.0,75.371277,69.628723
2023-05-02 16:50:43.801,2023-05-02 16:50:44.2,144.73,75.371277,69.35871872753906
2023-05-02 16:50:43.945,2023-05-02 16:50:44.2,143.94,74.647118,69.29288444140624
2023-05-02 16:50:43.945,2023-05-02 16:50:44.4,143.94,74.647118,69.29288444140624
2023-05-02 16:50:44.044,2023-05-02 16:50:44.4,143.05,73.72348,69.32652305175782
2023-05-02 16:50:44.141,2023-05-02 16:50:44.6,142.58,73.72348,68.85652183105469
2023-05-02 16:50:44.206,2023-05-02 16:50:44.6,142.44,72.363914,70.07608844140626
2023-05-02 16:50:44.335,2023-05-02 16:50:44.8,141.55,72.363914,69.18608905175782
2023-05-02 16:50:44.432,2023-05-02 16:50:44.8,138.26,71.52227,66.73772450683593
2023-05-02 16:50:44.702,2023-05-02 16:50:45.0,108.89,71.52227,37.36772938964843
2023-05-02 16:50:44.702,2023-05-02 16:50:45.0,108.89,61.719955,47.17004438964844
2023-05-02 16:50:44.702,2023-05-02 16:50:45.2,108.89,61.719955,47.17004438964844
2023-05-02 16:50:44.805,2023-05-02 16:50:45.2,94.13,35.437607,58.69239025341797
2023-05-02 16:50:44.977,2023-05-02 16:50:45.4,70.77,35.437607,35.332389643066406
2023-05-02 16:50:45.014,2023-05-02 16:50:45.4,64.66,7.953281,56.70672266210938
2023-05-02 16:50:45.105,2023-05-02 16:50:45.6,45.61,7.953281,37.656719610351566
2023-05-02 16:50:45.412,2023-05-02 16:50:45.8,5.58,7.953281,-2.373281076293945
2023-05-02 16:50:45.412,2023-05-02 16:50:45.8,5.58,-53.926449,59.50644892370605
2023-05-02 16:50:45.614,2023-05-02 16:50:46.0,-14.2,-53.926449,39.72644919073486
2023-05-02 16:50:45.614,2023-05-02 16:50:46.0,-14.2,-77.821724,63.62172419073487
2023-05-02 16:50:45.776,2023-05-02 16:50:46.2,-27.98,-77.821724,49.841724457763675
2023-05-02 16:50:45.81,2023-05-02 16:50:46.2,-30.35,-93.996552,63.64655161853027
2023-05-02 16:50:45.92,2023-05-02 16:50:46.4,-34.32,-93.996552,59.676552305175775
2023-05-02 16:50:46.077,2023-05-02 16:50:46.4,-35.68,-104.532707,68.85270669482422
2023-05-02 16:50:46.143,2023-05-02 16:50:46.6,-36.35,-104.532707,68.18270852587891
2023-05-02 16:50:46.251,2023-05-02 16:50:46.6,-37.33,-106.049377,68.71937516894532
2023-05-02 16:50:46.376,2023-05-02 16:50:46.8,-36.92,-106.049377,69.1293788310547
2023-05-02 16:50:46.405,2023-05-02 16:50:46.8,-36.85,-107.164719,70.31472052587891
2023-05-02 16:50:46.643,2023-05-02 16:50:47.0,-37.11,-107.267326,70.15732538964843
2023-05-02 16:50:46.643,2023-05-02 16:50:47.0,-37.11,-107.267326,70.15732538964843
2023-05-02 16:50:46.709,2023-05-02 16:50:47.2,-37.29,-107.267326,69.97732508447265
2023-05-02 16:50:46.881,2023-05-02 16:50:47.2,-37.13,-107.236786,70.10678493188476
2023-05-02 16:50:46.946,2023-05-02 16:50:47.4,-36.61,-107.236786,70.62678538964843
2023-05-02 16:50:47.049,2023-05-02 16:50:47.4,-34.57,-106.625771,72.05577130517578
2023-05-02 16:50:47.143,2023-05-02 16:50:47.6,-28.7,-106.625771,77.92577023706055
2023-05-02 16:50:47.177,2023-05-02 16:50:47.6,-25.73,-99.824699,74.09469945776367
2023-05-02 16:50:47.342,2023-05-02 16:50:47.8,-8.08,-99.824699,91.74469907629394
2023-05-02 16:50:47.412,2023-05-02 16:50:47.8,-0.12,-79.970711,79.8507110026822
2023-05-02 16:50:47.573,2023-05-02 16:50:48.0,21.76,-79.970711,101.73071122888183
2023-05-02 16:50:47.622,2023-05-02 16:50:48.0,27.06,-55.479053,82.53905246594238
2023-05-02 16:50:47.78,2023-05-02 16:50:48.2,57.89,-55.479053,113.36905238964843
2023-05-02 16:50:47.813,2023-05-02 16:50:48.2,64.26,-22.277821,86.53782313623047
2023-05-02 16:50:47.912,2023-05-02 16:50:48.4,79.69,-22.277821,101.96782344140625
2023-05-02 16:50:47.981,2023-05-02 16:50:48.4,87.71,11.597729,76.11227008447266
2023-05-02 16:50:48.141,2023-05-02 16:50:48.6,109.69,11.597729,98.09227344140625
2023-05-02 16:50:48.213,2023-05-02 16:50:48.6,119.8,36.912399,82.88760405175782
2023-05-02 16:50:48.352,2023-05-02 16:50:48.8,135.11,36.912399,98.19760161035157
2023-05-02 16:50:48.757,2023-05-02 16:50:48.8,141.49,63.388428,78.10157749316406
2023-05-02 16:50:48.815,2023-05-02 16:50:49.0,141.72,63.388428,78.33157322070312
2023-05-02 16:50:48.815,2023-05-02 16:50:49.0,141.72,70.934372,70.78562922070313
2023-05-02 16:50:48.815,2023-05-02 16:50:49.2,141.72,70.934372,70.78562922070313
2023-05-02 16:50:49.08,2023-05-02 16:50:49.4,144.48,70.934372,73.54562372753907
2023-05-02 16:50:49.08,2023-05-02 16:50:49.4,144.48,71.505386,72.97460972753906
2023-05-02 16:50:49.178,2023-05-02 16:50:49.6,147.37,71.505386,75.8646091171875
2023-05-02 16:50:49.322,2023-05-02 16:50:49.6,144.31,76.096069,68.21392855859375
2023-05-02 16:50:49.382,2023-05-02 16:50:49.8,142.83,76.096069,66.73393283105469
2023-05-02 16:50:49.546,2023-05-02 16:50:49.8,140.0,73.745247,66.254753
2023-05-02 16:50:49.62,2023-05-02 16:50:50.0,135.44,73.745247,61.694755441406244
2023-05-02 16:50:49.62,2023-05-02 16:50:50.0,135.44,70.43634,65.00366244140625
2023-05-02 16:50:49.748,2023-05-02 16:50:50.2,118.16,70.43634,47.723663662109374
2023-05-02 16:50:49.959,2023-05-02 16:50:50.2,78.92,51.197334,27.722664168945315
2023-05-02 16:50:49.959,2023-05-02 16:50:50.4,78.92,51.197334,27.722664168945315
2023-05-02 16:50:50.018,2023-05-02 16:50:50.4,66.13,13.171767,52.958230253417966
2023-05-02 16:50:50.185,2023-05-02 16:50:50.6,32.96,13.171767,19.788232084472657
2023-05-02 16:50:50.285,2023-05-02 16:50:50.6,13.6,-26.106951,39.70695138146972
2023-05-02 16:50:50.418,2023-05-02 16:50:50.8,-3.9,-26.106951,22.206950904632567
2023-05-02 16:50:50.418,2023-05-02 16:50:50.8,-3.9,-63.628284,59.72828390463257
2023-05-02 16:50:50.655,2023-05-02 16:50:51.0,-29.26,-63.628284,34.368283771118165
2023-05-02 16:50:50.655,2023-05-02 16:50:51.0,-29.26,-86.030807,56.77080677111816
2023-05-02 16:50:50.751,2023-05-02 16:50:51.2,-38.45,-86.030807,47.58080623706054
2023-05-02 16:50:50.859,2023-05-02 16:50:51.2,-43.64,-106.973274,63.333274610351566
2023-05-02 16:50:50.985,2023-05-02 16:50:51.4,-43.6,-106.973274,63.37327552587891
2023-05-02 16:50:51.088,2023-05-02 16:50:51.4,-43.57,-114.227127,70.65712730517578
2023-05-02 16:50:51.153,2023-05-02 16:50:51.6,-43.52,-114.227127,70.70712654223632
2023-05-02 16:50:51.23,2023-05-02 16:50:51.6,-43.53,-114.077087,70.54708822070313
2023-05-02 16:50:51.362,2023-05-02 16:50:51.8,-43.35,-114.077087,70.72708852587891
2023-05-02 16:50:51.46,2023-05-02 16:50:51.8,-43.32,-113.915314,70.59531430517578
2023-05-02 16:50:51.635,2023-05-02 16:50:52.0,-43.19,-113.915314,70.72531537329101
2023-05-02 16:50:51.759,2023-05-02 16:50:52.2,-41.74,-113.915314,72.1753123215332
2023-05-02 16:50:51.86,2023-05-02 16:50:52.2,-35.64,-112.952103,77.31210361035156
2023-05-02 16:50:52.03,2023-05-02 16:50:52.4,-15.68,-112.952103,97.27210269482421
2023-05-02 16:50:52.03,2023-05-02 16:50:52.4,-15.68,-99.235199,83.55519869482421
2023-05-02 16:50:52.191,2023-05-02 16:50:52.6,13.07,-99.235199,112.30519869482421
2023-05-02 16:50:52.355,2023-05-02 16:50:52.8,41.66,-99.235199,140.8951988474121
2023-05-02 16:50:52.424,2023-05-02 16:50:52.8,51.5,-33.750511,85.250511
2023-05-02 16:50:52.632,2023-05-02 16:50:53.0,89.08,-33.750511,122.83051283105469
2023-05-02 16:50:52.668,2023-05-02 16:50:53.0,96.05,-1.882681,97.93268405175782
2023-05-02 16:50:52.831,2023-05-02 16:50:53.2,124.77,-1.882681,126.65267764306641
2023-05-02 16:50:52.831,2023-05-02 16:50:53.2,124.77,39.414448,85.35554864306641
2023-05-02 16:50:53.011,2023-05-02 16:50:53.4,134.29,39.414448,94.87554528613282
2023-05-02 16:50:53.168,2023-05-02 16:50:53.6,145.51,39.414448,106.09554650683594
2023-05-02 16:50:53.168,2023-05-02 16:50:53.6,145.51,74.086853,71.42314150683593
2023-05-02 16:50:53.332,2023-05-02 16:50:53.8,145.27,74.086853,71.18315127246093
2023-05-02 16:50:53.465,2023-05-02 16:50:53.8,145.56,74.775078,70.78491955859376
2023-05-02 16:50:53.567,2023-05-02 16:50:54.0,145.56,74.775078,70.78491955859376
2023-05-02 16:50:53.596,2023-05-02 16:50:54.0,145.4,75.192123,70.20787089648438
2023-05-02 16:50:53.731,2023-05-02 16:50:54.2,145.1,75.192123,69.90788310351563
2023-05-02 16:50:54.298,2023-05-02 16:50:54.2,70.6,74.659531,-4.0595325258789074
2023-05-02 16:50:54.47,2023-05-02 16:50:54.4,48.69,74.659531,-25.969532373291017
2023-05-02 16:50:54.47,2023-05-02 16:50:54.4,48.69,64.343361,-15.653362373291017
2023-05-02 16:50:54.47,2023-05-02 16:50:54.6,48.69,64.343361,-15.653362373291017
2023-05-02 16:50:54.47,2023-05-02 16:50:54.8,48.69,64.343361,-15.653362373291017
2023-05-02 16:50:54.565,2023-05-02 16:50:54.8,35.89,-4.707848,40.597847389648436
2023-05-02 16:50:54.629,2023-05-02 16:50:55.0,26.04,-4.707848,30.747848915527342
2023-05-02 16:50:54.732,2023-05-02 16:50:55.0,9.84,-29.720861,39.56086115258789
2023-05-02 16:50:54.732,2023-05-02 16:50:55.2,9.84,-29.720861,39.56086115258789
2023-05-02 16:50:54.799,2023-05-02 16:50:55.2,-0.29,-59.943783,59.653783008344654
2023-05-02 16:50:54.969,2023-05-02 16:50:55.4,-23.95,-59.943783,35.99378223706055
2023-05-02 16:50:54.969,2023-05-02 16:50:55.4,-23.95,-89.685867,65.73586623706055
2023-05-02 16:50:55.072,2023-05-02 16:50:55.6,-29.75,-89.685867,59.935867
2023-05-02 16:50:55.171,2023-05-02 16:50:55.6,-32.09,-101.227173,69.1371728474121
2023-05-02 16:50:55.306,2023-05-02 16:50:55.8,-38.92,-101.227173,62.30717483105468
2023-05-02 16:50:55.434,2023-05-02 16:50:55.8,-40.19,-110.049805,69.85980637329102
2023-05-02 16:50:55.574,2023-05-02 16:50:56.0,-39.68,-110.049805,70.36980469482423
2023-05-02 16:50:55.574,2023-05-02 16:50:56.0,-39.68,-109.897102,70.21710169482422
2023-05-02 16:50:55.733,2023-05-02 16:50:56.2,-38.03,-109.897102,71.86710322070313
2023-05-02 16:50:55.799,2023-05-02 16:50:56.2,-37.86,-108.052849,70.19284838964843
2023-05-02 16:50:55.973,2023-05-02 16:50:56.4,-37.74,-108.052849,70.3128473215332
2023-05-02 16:50:56.132,2023-05-02 16:50:56.6,-37.27,-108.052849,70.78284854223632
2023-05-02 16:50:56.201,2023-05-02 16:50:56.6,-36.71,-107.289337,70.57933791552735
2023-05-02 16:50:56.305,2023-05-02 16:50:56.8,-35.33,-107.289337,71.95933516894532
2023-05-02 16:50:56.402,2023-05-02 16:50:56.8,-32.34,-104.741386,72.40138584741212
2023-05-02 16:50:56.564,2023-05-02 16:50:57.0,-26.76,-104.741386,77.98138577111817
2023-05-02 16:50:56.702,2023-05-02 16:50:57.0,-23.12,-97.805176,74.6851751607666
2023-05-02 16:50:56.772,2023-05-02 16:50:57.2,-20.36,-97.805176,77.44517538964844
2023-05-02 16:50:56.772,2023-05-02 16:50:57.2,-20.36,-92.105026,71.74502538964843
2023-05-02 16:50:56.943,2023-05-02 16:50:57.4,-13.22,-92.105026,78.88502573297119
2023-05-02 16:50:57.01,2023-05-02 16:50:57.4,-10.41,-83.550316,73.14031615258789
2023-05-02 16:50:57.114,2023-05-02 16:50:57.6,-6.23,-83.550316,77.32031598092651
2023-05-02 16:50:57.238,2023-05-02 16:50:57.6,-0.53,-75.169579,74.63957902861023
2023-05-02 16:50:57.311,2023-05-02 16:50:57.8,2.14,-75.169579,77.30957910490417
2023-05-02 16:50:57.381,2023-05-02 16:50:57.8,5.05,-66.799866,71.84986619073486
2023-05-02 16:50:57.572,2023-05-02 16:50:58.0,14.12,-66.799866,80.91986588555908
2023-05-02 16:50:57.572,2023-05-02 16:50:58.0,14.12,-57.647015,71.76701488555909
2023-05-02 16:50:57.739,2023-05-02 16:50:58.2,20.8,-57.647015,78.44701423706056
2023-05-02 16:50:57.812,2023-05-02 16:50:58.2,22.87,-49.361301,72.2313018392334
2023-05-02 16:50:57.973,2023-05-02 16:50:58.4,28.76,-49.361301,78.12130122888183
2023-05-02 16:50:58.004,2023-05-02 16:50:58.4,29.68,-42.478222,72.15822230517578
2023-05-02 16:50:58.175,2023-05-02 16:50:58.6,34.97,-42.478222,77.44822322070313
2023-05-02 16:50:58.175,2023-05-02 16:50:58.6,34.97,-36.337143,71.30714422070312
2023-05-02 16:50:58.345,2023-05-02 16:50:58.8,40.39,-36.337143,76.72714238964844
2023-05-02 16:50:58.374,2023-05-02 16:50:58.8,41.91,-29.868942,71.77894184741211
2023-05-02 16:50:58.711,2023-05-02 16:50:59.0,55.42,-29.868942,85.28894016894532
2023-05-02 16:50:58.711,2023-05-02 16:50:59.0,55.42,-20.716934,76.13693216894531
2023-05-02 16:50:58.744,2023-05-02 16:50:59.2,56.42,-20.716934,77.13693216894531
2023-05-02 16:50:58.875,2023-05-02 16:50:59.2,61.82,-13.66949,75.48948969482421
2023-05-02 16:50:58.977,2023-05-02 16:50:59.4,68.27,-13.66949,81.9394866430664
2023-05-02 16:50:59.008,2023-05-02 16:50:59.4,70.13,-4.448205,74.57820225341797
2023-05-02 16:50:59.144,2023-05-02 16:50:59.6,75.06,-4.448205,79.50820255859375
2023-05-02 16:50:59.273,2023-05-02 16:50:59.6,82.03,5.11925,76.91074877929688
2023-05-02 16:50:59.344,2023-05-02 16:50:59.8,86.1,5.11925,80.9807484741211
2023-05-02 16:50:59.808,2023-05-02 16:51:00.0,108.67,5.11925,103.55074816894532
2023-05-02 16:50:59.838,2023-05-02 16:51:00.0,110.69,23.893215,86.79678744140625
2023-05-02 16:50:59.838,2023-05-02 16:51:00.2,110.69,23.893215,86.79678744140625
2023-05-02 16:50:59.838,2023-05-02 16:51:00.2,110.69,34.589481,76.10052144140624
2023-05-02 16:50:59.951,2023-05-02 16:51:00.4,117.61,34.589481,83.02051961035156
2023-05-02 16:51:00.017,2023-05-02 16:51:00.4,121.58,47.027954,74.5520478310547
2023-05-02 16:51:00.144,2023-05-02 16:51:00.6,128.8,47.027954,81.77204905175782
2023-05-02 16:51:00.211,2023-05-02 16:51:00.6,132.68,58.394333,74.28565967578125
2023-05-02 16:51:00.313,2023-05-02 16:51:00.8,136.98,58.394333,78.58566272753906
2023-05-02 16:51:00.378,2023-05-02 16:51:00.8,138.92,68.023552,70.89644616894532
2023-05-02 16:51:00.612,2023-05-02 16:51:01.0,147.32,68.023552,79.29645532421875
2023-05-02 16:51:00.643,2023-05-02 16:51:01.0,147.43,75.452614,71.97737867578125
2023-05-02 16:51:00.748,2023-05-02 16:51:01.2,147.24,75.452614,71.78739149316407
2023-05-02 16:51:00.82,2023-05-02 16:51:01.2,147.24,77.904549,69.33545649316406
2023-05-02 16:51:00.946,2023-05-02 16:51:01.4,147.37,77.904549,69.4654461171875
2023-05-02 16:51:01.057,2023-05-02 16:51:01.4,147.31,78.098007,69.21199055859375
2023-05-02 16:51:01.185,2023-05-02 16:51:01.6,146.8,78.098007,68.70199605175782
2023-05-02 16:51:01.223,2023-05-02 16:51:01.6,146.41,77.870689,68.53931466210938
2023-05-02 16:51:01.346,2023-05-02 16:51:01.8,143.75,77.870689,65.879311
2023-05-02 16:51:01.489,2023-05-02 16:51:01.8,139.58,74.882812,64.69718983105469
2023-05-02 16:51:01.622,2023-05-02 16:51:02.0,132.9,74.882812,58.017181896484374
2023-05-02 16:51:01.622,2023-05-02 16:51:02.0,132.9,68.179344,64.72064989648437
2023-05-02 16:51:01.789,2023-05-02 16:51:02.2,122.02,68.179344,53.840652643066406
2023-05-02 16:51:01.854,2023-05-02 16:51:02.2,116.59,56.583096,60.00690033789063
2023-05-02 16:51:01.914,2023-05-02 16:51:02.4,110.88,56.583096,54.29690125341797
2023-05-02 16:51:02.015,2023-05-02 16:51:02.4,102.36,40.545815,61.814185610351565
2023-05-02 16:51:02.153,2023-05-02 16:51:02.6,89.26,40.545815,48.71418713623047
2023-05-02 16:51:02.253,2023-05-02 16:51:02.6,81.09,22.02026,59.069736337890625
2023-05-02 16:51:02.349,2023-05-02 16:51:02.8,74.28,22.02026,52.259738779296875
2023-05-02 16:51:02.416,2023-05-02 16:51:02.8,68.42,6.662539,61.75745916894531
2023-05-02 16:51:02.479,2023-05-02 16:51:03.0,61.66,6.662539,54.99746084741211
2023-05-02 16:51:02.651,2023-05-02 16:51:03.0,46.9,-11.85744,58.7574415258789
2023-05-02 16:51:02.752,2023-05-02 16:51:03.2,37.27,-11.85744,49.12744045776367
2023-05-02 16:51:02.815,2023-05-02 16:51:03.2,31.2,-29.560768,60.76076876293945
2023-05-02 16:51:02.984,2023-05-02 16:51:03.4,18.4,-29.560768,47.96076761853027
2023-05-02 16:51:03.083,2023-05-02 16:51:03.4,12.84,-46.349186,59.189186152587894
2023-05-02 16:51:03.113,2023-05-02 16:51:03.6,10.92,-46.349186,57.26918607629395
2023-05-02 16:51:03.45,2023-05-02 16:51:03.8,-16.02,-46.349186,30.32918554223633
2023-05-02 16:51:03.45,2023-05-02 16:51:03.8,-16.02,-75.039055,59.01905454223633
2023-05-02 16:51:03.522,2023-05-02 16:51:04.0,-21.78,-75.039055,53.2590543133545
2023-05-02 16:51:03.619,2023-05-02 16:51:04.0,-30.49,-91.641975,61.15197522888184
2023-05-02 16:51:03.854,2023-05-02 16:51:04.2,-43.09,-91.641975,48.55197484741211
2023-05-02 16:51:03.854,2023-05-02 16:51:04.2,-43.09,-106.397629,63.307628847412104
2023-05-02 16:51:03.957,2023-05-02 16:51:04.4,-45.56,-106.397629,60.83762762670898
2023-05-02 16:51:04.155,2023-05-02 16:51:04.4,-47.51,-114.15155,66.6415516784668
2023-05-02 16:51:04.155,2023-05-02 16:51:04.6,-47.51,-114.15155,66.6415516784668
2023-05-02 16:51:04.257,2023-05-02 16:51:04.6,-47.49,-116.70372,69.21371832153321
2023-05-02 16:51:04.354,2023-05-02 16:51:04.8,-47.33,-116.70372,69.37371816894532
2023-05-02 16:51:04.454,2023-05-02 16:51:04.8,-46.85,-116.516373,69.66637452587891
2023-05-02 16:51:04.585,2023-05-02 16:51:05.0,-45.56,-116.516373,70.95637162670899
2023-05-02 16:51:04.787,2023-05-02 16:51:05.2,-45.37,-116.516373,71.14637406811524
2023-05-02 16:51:05.256,2023-05-02 16:51:05.2,-21.42,-116.188362,94.76836192370605
2023-05-02 16:51:05.256,2023-05-02 16:51:05.4,-21.42,-116.188362,94.76836192370605
2023-05-02 16:51:05.256,2023-05-02 16:51:05.4,-21.42,-110.450706,89.03070592370605
2023-05-02 16:51:05.289,2023-05-02 16:51:05.6,-17.55,-110.450706,92.90070676293945
2023-05-02 16:51:05.289,2023-05-02 16:51:05.6,-17.55,-100.21373,82.66373076293945
2023-05-02 16:51:05.369,2023-05-02 16:51:05.8,-9.84,-100.21373,90.37372984741211
2023-05-02 16:51:05.494,2023-05-02 16:51:05.8,2.54,-82.741875,85.28187496185302
2023-05-02 16:51:05.721,2023-05-02 16:51:06.0,23.37,-82.741875,106.11187583923339
2023-05-02 16:51:05.721,2023-05-02 16:51:06.0,23.37,-63.929581,87.2995818392334
2023-05-02 16:51:05.759,2023-05-02 16:51:06.2,26.34,-63.929581,90.26958115258789
2023-05-02 16:51:05.882,2023-05-02 16:51:06.2,34.35,-46.014172,80.3641704741211
2023-05-02 16:51:05.9,2023-05-02 16:51:06.4,37.0,-46.014172,83.014172
2023-05-02 16:51:05.998,2023-05-02 16:51:06.4,46.8,-29.34993,76.14992923706055
2023-05-02 16:51:06.127,2023-05-02 16:51:06.6,58.75,-29.34993,88.09993
2023-05-02 16:51:06.165,2023-05-02 16:51:06.6,62.06,-10.529888,72.58988937329102
2023-05-02 16:51:06.358,2023-05-02 16:51:06.8,79.68,-10.529888,90.20988830517578
2023-05-02 16:51:06.391,2023-05-02 16:51:06.8,81.71,8.516665,73.19333408447265
2023-05-02 16:51:06.561,2023-05-02 16:51:07.0,93.24,8.516665,84.72333286376953
2023-05-02 16:51:06.672,2023-05-02 16:51:07.0,100.73,22.057684,78.6723193569336
2023-05-02 16:51:06.738,2023-05-02 16:51:07.2,106.59,22.057684,84.53231233789063
2023-05-02 16:51:06.796,2023-05-02 16:51:07.2,110.64,37.575745,73.06425438964844
2023-05-02 16:51:06.931,2023-05-02 16:51:07.4,107.75,37.575745,70.174255
2023-05-02 16:51:07.17,2023-05-02 16:51:07.6,103.62,37.575745,66.04425774658203
2023-05-02 16:51:07.194,2023-05-02 16:51:07.6,102.52,35.403103,67.1168936430664
2023-05-02 16:51:07.335,2023-05-02 16:51:07.8,99.14,35.403103,63.736896389648436
2023-05-02 16:51:07.402,2023-05-02 16:51:07.8,95.66,30.75639,64.90361366210938
2023-05-02 16:51:07.567,2023-05-02 16:51:08.0,86.24,30.75639,55.483607863769535
2023-05-02 16:51:07.567,2023-05-02 16:51:08.0,86.24,20.355532,65.88446586376953
2023-05-02 16:51:07.737,2023-05-02 16:51:08.2,78.57,20.355532,58.21446769482422
2023-05-02 16:51:07.8,2023-05-02 16:51:08.2,77.22,10.704681,66.51532022070313
2023-05-02 16:51:07.929,2023-05-02 16:51:08.4,74.43,10.704681,63.72531930517578
2023-05-02 16:51:07.963,2023-05-02 16:51:08.4,73.96,6.003119,67.95688008447266
2023-05-02 16:51:08.098,2023-05-02 16:51:08.6,72.68,6.003119,66.67688130517578
2023-05-02 16:51:08.295,2023-05-02 16:51:08.8,67.86,6.003119,61.856881610351564
2023-05-02 16:51:08.363,2023-05-02 16:51:08.8,67.13,-1.286097,68.41609425341797
2023-05-02 16:51:08.634,2023-05-02 16:51:09.0,71.2,-1.286097,72.48609394824219
2023-05-02 16:51:08.634,2023-05-02 16:51:09.0,71.2,-2.472541,73.6725379482422
2023-05-02 16:51:08.766,2023-05-02 16:51:09.2,76.3,-2.472541,78.77254405175782
2023-05-02 16:51:08.795,2023-05-02 16:51:09.2,77.56,5.943653,71.61634455859375
2023-05-02 16:51:08.931,2023-05-02 16:51:09.4,79.92,5.943653,73.97634516894531
2023-05-02 16:51:09.108,2023-05-02 16:51:09.4,87.46,10.951541,76.50845808447265
2023-05-02 16:51:09.179,2023-05-02 16:51:09.6,89.89,10.951541,78.93845838964843
2023-05-02 16:51:09.179,2023-05-02 16:51:09.6,89.89,19.683929,70.20607038964843
2023-05-02 16:51:09.338,2023-05-02 16:51:09.8,101.06,19.683929,81.37606855859374
2023-05-02 16:51:09.367,2023-05-02 16:51:09.8,101.65,32.16346,69.4865415258789
2023-05-02 16:51:09.572,2023-05-02 16:51:10.0,96.88,32.16346,64.71653725341797
2023-05-02 16:51:09.572,2023-05-02 16:51:10.0,96.88,29.011423,67.86857425341796
2023-05-02 16:51:09.739,2023-05-02 16:51:10.2,97.59,29.011423,68.57857333789062
2023-05-02 16:51:09.871,2023-05-02 16:51:10.2,93.1,29.540056,63.559942474121094
2023-05-02 16:51:10.043,2023-05-02 16:51:10.4,84.47,29.540056,54.929945220703125
2023-05-02 16:51:10.043,2023-05-02 16:51:10.4,84.47,22.158855,62.31114622070312
2023-05-02 16:51:10.136,2023-05-02 16:51:10.6,79.74,22.158855,57.58114286376953
2023-05-02 16:51:10.2,2023-05-02 16:51:10.6,79.65,11.300348,68.3496535258789
2023-05-02 16:51:10.436,2023-05-02 16:51:10.8,76.12,11.300348,64.81965474658203
2023-05-02 16:51:10.436,2023-05-02 16:51:10.8,76.12,9.101089,67.01891374658203
2023-05-02 16:51:11.039,2023-05-02 16:51:11.0,70.67,9.101089,61.56890916894531
2023-05-02 16:51:11.039,2023-05-02 16:51:11.0,70.67,7.524113,63.14588516894531
2023-05-02 16:51:11.039,2023-05-02 16:51:11.2,70.67,7.524113,63.14588516894531
2023-05-02 16:51:11.039,2023-05-02 16:51:11.2,70.67,3.507807,67.16219116894531
2023-05-02 16:51:11.039,2023-05-02 16:51:11.4,70.67,3.507807,67.16219116894531
2023-05-02 16:51:11.039,2023-05-02 16:51:11.4,70.67,0.841259,69.82873916894532
2023-05-02 16:51:11.101,2023-05-02 16:51:11.6,74.1,0.841259,73.2587394741211
2023-05-02 16:51:11.168,2023-05-02 16:51:11.6,77.44,6.120675,71.31932744140624
2023-05-02 16:51:11.336,2023-05-02 16:51:11.8,81.83,6.120675,75.70932683105468
2023-05-02 16:51:11.404,2023-05-02 16:51:11.8,84.98,12.051576,72.9284273569336
2023-05-02 16:51:11.6,2023-05-02 16:51:12.0,98.02,12.051576,85.96842064306641
2023-05-02 16:51:11.6,2023-05-02 16:51:12.0,98.02,23.950907,74.0690896430664
2023-05-02 16:51:11.737,2023-05-02 16:51:12.2,105.32,23.950907,81.36909269482422
2023-05-02 16:51:11.802,2023-05-02 16:51:12.2,107.08,35.512466,71.56753583105468
2023-05-02 16:51:11.936,2023-05-02 16:51:12.4,104.84,35.512466,69.32753033789062
2023-05-02 16:51:11.972,2023-05-02 16:51:12.4,103.99,35.822243,68.16775486376953
2023-05-02 16:51:12.142,2023-05-02 16:51:12.6,104.67,35.822243,68.84775516894531
2023-05-02 16:51:12.314,2023-05-02 16:51:12.8,98.23,35.822243,62.40776035693359
2023-05-02 16:51:12.44,2023-05-02 16:51:12.8,91.29,27.978184,63.311816915527345
2023-05-02 16:51:12.577,2023-05-02 16:51:13.0,88.76,27.978184,60.78181813623047
2023-05-02 16:51:12.651,2023-05-02 16:51:13.0,88.18,19.91753,68.26247030517578
2023-05-02 16:51:12.747,2023-05-02 16:51:13.2,86.06,19.91753,66.14246755859375
2023-05-02 16:51:12.774,2023-05-02 16:51:13.2,85.43,16.88183,68.54817030517577
2023-05-02 16:51:12.984,2023-05-02 16:51:13.4,82.16,16.88183,65.27817366210937
2023-05-02 16:51:13.048,2023-05-02 16:51:13.4,79.65,14.662941,64.9870605258789
2023-05-02 16:51:13.176,2023-05-02 16:51:13.6,77.08,14.662941,62.417060831054684
2023-05-02 16:51:13.279,2023-05-02 16:51:13.6,73.94,8.577085,65.36291744140625
2023-05-02 16:51:13.379,2023-05-02 16:51:13.8,69.73,8.577085,61.1529183569336
2023-05-02 16:51:13.379,2023-05-02 16:51:13.8,69.73,2.365607,67.3643963569336
2023-05-02 16:51:13.612,2023-05-02 16:51:14.0,63.19,2.365607,60.82439162670899
2023-05-02 16:51:13.642,2023-05-02 16:51:14.0,61.27,-2.47893,63.74893045776367
2023-05-02 16:51:13.883,2023-05-02 16:51:14.2,57.88,-2.47893,60.35893106811523
2023-05-02 16:51:13.883,2023-05-02 16:51:14.2,57.88,-11.390836,69.27083706811524
2023-05-02 16:51:13.953,2023-05-02 16:51:14.4,58.68,-11.390836,70.07083630517579
2023-05-02 16:51:14.118,2023-05-02 16:51:14.4,63.1,-11.47292,74.5729184741211
2023-05-02 16:51:14.149,2023-05-02 16:51:14.6,62.98,-11.47292,74.45291954223633
2023-05-02 16:51:14.252,2023-05-02 16:51:14.6,61.13,-6.789693,67.91969406811523
2023-05-02 16:51:14.378,2023-05-02 16:51:14.8,59.86,-6.789693,66.64969361035156
2023-05-02 16:51:14.515,2023-05-02 16:51:14.8,56.17,-8.773898,64.94389616894532
2023-05-02 16:51:14.614,2023-05-02 16:51:15.0,56.36,-14.169329,70.52932961035157
2023-05-02 16:51:14.614,2023-05-02 16:51:15.0,56.36,-14.169329,70.52932961035157
2023-05-02 16:51:14.75,2023-05-02 16:51:15.2,61.4,-14.169329,75.56933052587891
2023-05-02 16:51:14.879,2023-05-02 16:51:15.2,63.78,-9.699618,73.47961677929688
2023-05-02 16:51:14.982,2023-05-02 16:51:15.4,67.73,-9.699618,77.4296213569336
2023-05-02 16:51:15.016,2023-05-02 16:51:15.4,69.52,-5.286399,74.80639564306641
2023-05-02 16:51:15.147,2023-05-02 16:51:15.6,74.25,-5.286399,79.536399
2023-05-02 16:51:15.218,2023-05-02 16:51:15.6,77.09,3.20024,73.88975633789063
2023-05-02 16:51:15.387,2023-05-02 16:51:15.8,81.43,3.20024,78.22976030517579
2023-05-02 16:51:15.46,2023-05-02 16:51:15.8,79.61,11.729707,67.88029361035156
2023-05-02 16:51:15.651,2023-05-02 16:51:16.0,75.78,11.729707,64.05029177929687
2023-05-02 16:51:15.759,2023-05-02 16:51:16.2,70.91,11.729707,59.18029666210938
2023-05-02 16:51:15.815,2023-05-02 16:51:16.2,67.35,1.413153,65.9368454741211
2023-05-02 16:51:15.921,2023-05-02 16:51:16.4,63.38,1.413153,61.96684806811523
2023-05-02 16:51:16.02,2023-05-02 16:51:16.4,59.23,-7.606247,66.83624654223632
2023-05-02 16:51:16.525,2023-05-02 16:51:16.6,55.41,-7.606247,63.016246847412106
2023-05-02 16:51:16.525,2023-05-02 16:51:16.6,55.41,-16.012529,71.42252884741211
2023-05-02 16:51:16.556,2023-05-02 16:51:16.8,55.12,-16.012529,71.13252793188477
2023-05-02 16:51:16.586,2023-05-02 16:51:16.8,54.4,-15.595742,69.99574352587891
2023-05-02 16:51:16.615,2023-05-02 16:51:17.0,53.55,-15.595742,69.14574123706055
2023-05-02 16:51:16.651,2023-05-02 16:51:17.0,52.86,-15.316331,68.17633161035157
2023-05-02 16:51:16.752,2023-05-02 16:51:17.2,51.57,-15.316331,66.88633069482422
2023-05-02 16:51:16.815,2023-05-02 16:51:17.2,50.45,-18.755552,69.20555276293945
2023-05-02 16:51:16.986,2023-05-02 16:51:17.4,45.61,-18.755552,64.36555261035156
2023-05-02 16:51:17.083,2023-05-02 16:51:17.4,43.95,-23.456676,67.40667676293945
2023-05-02 16:51:17.227,2023-05-02 16:51:17.6,38.92,-23.456676,62.376674168945314
2023-05-02 16:51:17.258,2023-05-02 16:51:17.6,37.41,-27.768389,65.17838884741211
2023-05-02 16:51:17.352,2023-05-02 16:51:17.8,35.05,-27.768389,62.818388237060546
2023-05-02 16:51:17.45,2023-05-02 16:51:17.8,34.52,-35.396114,69.91611445776367
2023-05-02 16:51:17.619,2023-05-02 16:51:18.0,34.07,-35.396114,69.46611369482422
2023-05-02 16:51:17.619,2023-05-02 16:51:18.0,34.07,-36.555244,70.62524369482422
2023-05-02 16:51:17.756,2023-05-02 16:51:18.2,33.09,-36.555244,69.64524415258789
2023-05-02 16:51:18.027,2023-05-02 16:51:18.4,35.93,-36.555244,72.48524430517578
2023-05-02 16:51:18.063,2023-05-02 16:51:18.4,34.83,-32.9165,67.74650183105469
2023-05-02 16:51:18.162,2023-05-02 16:51:18.6,35.86,-32.9165,68.77650061035156
2023-05-02 16:51:18.258,2023-05-02 16:51:18.6,39.15,-34.458778,73.6087795258789
2023-05-02 16:51:18.4,2023-05-02 16:51:18.8,39.73,-34.458778,74.18877754223632
2023-05-02 16:51:18.511,2023-05-02 16:51:18.8,38.58,-29.044775,67.62477683105469
2023-05-02 16:51:18.657,2023-05-02 16:51:19.0,45.22,-29.044775,74.26477622070313
2023-05-02 16:51:18.657,2023-05-02 16:51:19.0,45.22,-29.702143,74.92214422070313
2023-05-02 16:51:18.756,2023-05-02 16:51:19.2,46.55,-29.702143,76.25214223706055
2023-05-02 16:51:18.859,2023-05-02 16:51:19.2,45.56,-23.060844,68.62084537329102
2023-05-02 16:51:18.956,2023-05-02 16:51:19.4,46.96,-23.060844,70.02084308447266
2023-05-02 16:51:19.057,2023-05-02 16:51:19.4,44.57,-23.271067,67.84106669482422
2023-05-02 16:51:19.154,2023-05-02 16:51:19.6,42.55,-23.271067,65.82106623706055
2023-05-02 16:51:19.29,2023-05-02 16:51:19.6,41.11,-26.66256,67.77256061035156
2023-05-02 16:51:19.388,2023-05-02 16:51:19.8,43.26,-26.66256,69.9225583215332
2023-05-02 16:51:19.453,2023-05-02 16:51:19.8,41.45,-27.233889,68.68388976293946
2023-05-02 16:51:19.698,2023-05-02 16:51:20.0,39.33,-27.233889,66.56389083105469
2023-05-02 16:51:19.698,2023-05-02 16:51:20.0,39.33,-29.83877,69.16877183105468
2023-05-02 16:51:19.758,2023-05-02 16:51:20.2,39.84,-29.83877,69.67877015258789
2023-05-02 16:51:19.894,2023-05-02 16:51:20.2,41.34,-29.578402,70.91840215258789
2023-05-02 16:51:19.96,2023-05-02 16:51:20.4,45.26,-29.578402,74.8384003215332
2023-05-02 16:51:20.029,2023-05-02 16:51:20.4,46.76,-25.860619,72.6206173215332
2023-05-02 16:51:20.162,2023-05-02 16:51:20.6,52.54,-25.860619,78.40061991552734
2023-05-02 16:51:20.359,2023-05-02 16:51:20.8,52.99,-25.860619,78.8506206784668
2023-05-02 16:51:20.46,2023-05-02 16:51:20.8,57.15,-16.696993,73.8469945258789
2023-05-02 16:51:20.663,2023-05-02 16:51:21.0,60.46,-16.696993,77.15699208447265
2023-05-02 16:51:20.663,2023-05-02 16:51:21.0,60.46,-11.53729,71.99728908447265
2023-05-02 16:51:20.803,2023-05-02 16:51:21.2,63.19,-11.53729,74.72728862670898
2023-05-02 16:51:20.803,2023-05-02 16:51:21.2,63.19,-8.966889,72.15688762670898
2023-05-02 16:51:20.999,2023-05-02 16:51:21.4,57.32,-8.966889,66.28688869482421
2023-05-02 16:51:21.071,2023-05-02 16:51:21.4,51.81,-9.730548,61.540549373291014
2023-05-02 16:51:21.167,2023-05-02 16:51:21.6,48.21,-9.730548,57.940547084472655
2023-05-02 16:51:21.232,2023-05-02 16:51:21.6,50.28,-22.93321,73.21320877929688
2023-05-02 16:51:21.375,2023-05-02 16:51:21.8,53.08,-22.93321,76.01321183105469
2023-05-02 16:51:21.469,2023-05-02 16:51:21.8,52.67,-18.655069,71.32506716894531
2023-05-02 16:51:21.866,2023-05-02 16:51:22.0,48.04,-18.655069,66.69506991552734
2023-05-02 16:51:21.866,2023-05-02 16:51:22.0,48.04,-20.027861,68.06786191552735
2023-05-02 16:51:21.866,2023-05-02 16:51:22.2,48.04,-20.027861,68.06786191552735
2023-05-02 16:51:21.866,2023-05-02 16:51:22.2,48.04,-23.13866,71.17866091552735
2023-05-02 16:51:21.932,2023-05-02 16:51:22.4,48.3,-23.13866,71.43865923706055
2023-05-02 16:51:22.002,2023-05-02 16:51:22.4,48.09,-22.972988,71.06298815258789
2023-05-02 16:51:22.134,2023-05-02 16:51:22.6,47.17,-22.972988,70.14298616894531
2023-05-02 16:51:22.199,2023-05-02 16:51:22.6,47.67,-24.093824,71.76382216894531
2023-05-02 16:51:22.364,2023-05-02 16:51:22.8,52.02,-24.093824,76.11382445776367
2023-05-02 16:51:22.364,2023-05-02 16:51:22.8,52.02,-21.017309,73.03730945776367
2023-05-02 16:51:22.6,2023-05-02 16:51:23.0,71.37,-21.017309,92.38731174658203
2023-05-02 16:51:22.6,2023-05-02 16:51:23.0,71.37,-7.776672,79.14667474658204
2023-05-02 16:51:22.7,2023-05-02 16:51:23.2,85.32,-7.776672,93.09667169482422
2023-05-02 16:51:22.867,2023-05-02 16:51:23.2,109.97,18.044163,91.92583822070313
2023-05-02 16:51:22.933,2023-05-02 16:51:23.4,118.63,18.044163,100.58583425341797
2023-05-02 16:51:23.002,2023-05-02 16:51:23.4,128.06,46.611694,81.44830355859375
2023-05-02 16:51:23.171,2023-05-02 16:51:23.6,146.25,46.611694,99.638306
2023-05-02 16:51:23.171,2023-05-02 16:51:23.6,146.25,72.129356,74.120644
2023-05-02 16:51:23.336,2023-05-02 16:51:23.8,158.89,72.129356,86.76064338964844
2023-05-02 16:51:23.41,2023-05-02 16:51:23.8,167.47,87.311615,80.15838622070312
2023-05-02 16:51:23.613,2023-05-02 16:51:24.0,-165.77,87.311615,-253.08161927246096
2023-05-02 16:51:23.634,2023-05-02 16:51:24.0,-161.5,113.845383,-275.34538299999997
2023-05-02 16:51:23.712,2023-05-02 16:51:24.2,-153.34,113.845383,-267.1853793378906
2023-05-02 16:51:23.837,2023-05-02 16:51:24.2,-144.09,138.508759,-282.5987553378906
2023-05-02 16:51:24.045,2023-05-02 16:51:24.4,-137.48,138.508759,-275.98875472753906
2023-05-02 16:51:24.075,2023-05-02 16:51:24.4,-137.66,150.198975,-287.8589786621094
2023-05-02 16:51:24.151,2023-05-02 16:51:24.6,-137.88,150.198975,-288.0789798828125
2023-05-02 16:51:24.238,2023-05-02 16:51:24.6,-137.98,152.088379,-290.0683747275391
2023-05-02 16:51:24.303,2023-05-02 16:51:24.8,-137.52,152.088379,-289.60838327246097
2023-05-02 16:51:24.444,2023-05-02 16:51:24.8,-136.58,152.735001,-289.3150028310547
2023-05-02 16:51:24.581,2023-05-02 16:51:25.0,-137.9,152.735001,-290.6349948964844
2023-05-02 16:51:24.647,2023-05-02 16:51:25.0,-139.17,153.037552,-292.2075501689453
2023-05-02 16:51:24.777,2023-05-02 16:51:25.2,-137.81,153.037552,-290.84754955859376
2023-05-02 16:51:24.877,2023-05-02 16:51:25.2,-137.39,151.305954,-288.6959533896485
2023-05-02 16:51:24.974,2023-05-02 16:51:25.4,-139.51,151.305954,-290.815948506836
2023-05-02 16:51:25.045,2023-05-02 16:51:25.4,-140.27,151.628983,-291.89898727246094
2023-05-02 16:51:25.145,2023-05-02 16:51:25.6,-139.3,151.628983,-290.9289860517578
2023-05-02 16:51:25.347,2023-05-02 16:51:25.8,-139.59,151.628983,-291.21897933789063
2023-05-02 16:51:25.441,2023-05-02 16:51:25.8,-138.2,150.445526,-288.64552294824216
2023-05-02 16:51:25.679,2023-05-02 16:51:26.0,-134.54,150.445526,-284.9855192861328
2023-05-02 16:51:25.679,2023-05-02 16:51:26.0,-134.54,153.950775,-288.49076828613283
2023-05-02 16:51:25.748,2023-05-02 16:51:26.2,-134.63,153.950775,-288.5807798828125
2023-05-02 16:51:25.853,2023-05-02 16:51:26.2,-133.79,155.356293,-289.1462862861328
2023-05-02 16:51:25.926,2023-05-02 16:51:26.4,-130.34,155.356293,-285.6962893378906
2023-05-02 16:51:26.041,2023-05-02 16:51:26.4,-115.77,161.194351,-276.9643476430664
2023-05-02 16:51:26.113,2023-05-02 16:51:26.6,-105.67,161.194351,-266.8643491689453
2023-05-02 16:51:26.377,2023-05-02 16:51:26.8,-61.8,161.194351,-222.99435023706056
2023-05-02 16:51:26.377,2023-05-02 16:51:26.8,-61.8,-139.064301,77.26430176293945
2023-05-02 16:51:26.644,2023-05-02 16:51:27.0,-25.36,-139.064301,113.70430038964844
2023-05-02 16:51:26.837,2023-05-02 16:51:27.2,-5.39,-139.064301,133.6743011335144
2023-05-02 16:51:26.837,2023-05-02 16:51:27.2,-5.39,-85.822502,80.4325021335144
2023-05-02 16:51:26.923,2023-05-02 16:51:27.4,5.6,-85.822502,91.42250190463257
2023-05-02 16:51:27.296,2023-05-02 16:51:27.4,30.55,-63.03339,93.58338923706054
2023-05-02 16:51:27.296,2023-05-02 16:51:27.6,30.55,-63.03339,93.58338923706054
2023-05-02 16:51:27.337,2023-05-02 16:51:27.6,33.55,-49.44677,82.99676923706055
2023-05-02 16:51:27.337,2023-05-02 16:51:27.8,33.55,-49.44677,82.99676923706055
2023-05-02 16:51:27.354,2023-05-02 16:51:27.8,36.15,-35.259632,71.40963352587892
2023-05-02 16:51:27.561,2023-05-02 16:51:28.0,41.53,-35.259632,76.78963077929689
2023-05-02 16:51:27.561,2023-05-02 16:51:28.0,41.53,-28.577797,70.10779577929688
2023-05-02 16:51:27.793,2023-05-02 16:51:28.2,46.36,-28.577797,74.93779761035157
2023-05-02 16:51:27.824,2023-05-02 16:51:28.2,46.41,-24.833097,71.2430968474121
2023-05-02 16:51:27.958,2023-05-02 16:51:28.4,44.06,-24.833097,68.89309837329101
2023-05-02 16:51:27.991,2023-05-02 16:51:28.4,44.37,-26.109095,70.47909393188476
2023-05-02 16:51:28.124,2023-05-02 16:51:28.6,44.18,-26.109095,70.28909530517578
2023-05-02 16:51:28.191,2023-05-02 16:51:28.6,44.64,-25.97699,70.61698938964844
2023-05-02 16:51:28.289,2023-05-02 16:51:28.8,45.23,-25.97699,71.20698954223633
2023-05-02 16:51:28.356,2023-05-02 16:51:28.8,45.06,-25.071754,70.13175537329101
2023-05-02 16:51:28.622,2023-05-02 16:51:29.0,42.15,-25.071754,67.2217555258789
2023-05-02 16:51:28.622,2023-05-02 16:51:29.0,42.15,-28.080374,70.23037552587891
2023-05-02 16:51:28.704,2023-05-02 16:51:29.2,41.12,-28.080374,69.20037293188477
2023-05-02 16:51:28.762,2023-05-02 16:51:29.2,38.59,-30.779455,69.36945515258789
2023-05-02 16:51:28.969,2023-05-02 16:51:29.4,30.31,-30.779455,61.08945446594238
2023-05-02 16:51:28.969,2023-05-02 16:51:29.4,30.31,-39.549793,69.85979246594238
2023-05-02 16:51:29.167,2023-05-02 16:51:29.6,26.15,-39.549793,65.69979261853027
2023-05-02 16:51:29.167,2023-05-02 16:51:29.6,26.15,-42.751205,68.90120461853027
2023-05-02 16:51:29.367,2023-05-02 16:51:29.8,-3.35,-42.751205,39.40120509536743
2023-05-02 16:51:29.597,2023-05-02 16:51:30.0,-42.4,-42.751205,0.35120347412109254
2023-05-02 16:51:29.597,2023-05-02 16:51:30.0,-42.4,-104.855156,62.45515447412109
2023-05-02 16:51:29.798,2023-05-02 16:51:30.2,-59.14,-104.855156,45.715156610351556
2023-05-02 16:51:29.798,2023-05-02 16:51:30.2,-59.14,-126.847298,67.70729861035156
2023-05-02 16:51:29.895,2023-05-02 16:51:30.4,-60.71,-126.847298,66.13729891552734
2023-05-02 16:51:29.994,2023-05-02 16:51:30.4,-60.58,-131.132767,70.55276516894531
2023-05-02 16:51:30.16,2023-05-02 16:51:30.6,-56.62,-131.132767,74.51276806811524
2023-05-02 16:51:30.261,2023-05-02 16:51:30.6,-53.84,-127.460434,73.62043384741212
2023-05-02 16:51:30.359,2023-05-02 16:51:30.8,-52.67,-127.460434,74.7904358310547
2023-05-02 16:51:30.395,2023-05-02 16:51:30.8,-52.37,-122.909981,70.53998206811524
2023-05-02 16:51:30.594,2023-05-02 16:51:31.0,-32.11,-122.909981,90.79998038964844
2023-05-02 16:51:30.623,2023-05-02 16:51:31.0,-27.11,-110.899017,83.78901638964844
2023-05-02 16:51:30.692,2023-05-02 16:51:31.2,-17.05,-110.899017,93.84901776293945
2023-05-02 16:51:30.762,2023-05-02 16:51:31.2,-6.41,-80.981758,74.57175815258789
2023-05-02 16:51:30.954,2023-05-02 16:51:31.4,25.79,-80.981758,106.77175891552734
2023-05-02 16:51:30.989,2023-05-02 16:51:31.4,31.24,-48.627514,79.86751377111815
2023-05-02 16:51:31.138,2023-05-02 16:51:31.6,53.17,-48.627514,101.7975121689453
2023-05-02 16:51:31.17,2023-05-02 16:51:31.6,57.67,-16.245939,73.9159371689453
2023-05-02 16:51:31.337,2023-05-02 16:51:31.8,67.02,-16.245939,83.2659356430664
2023-05-02 16:51:31.402,2023-05-02 16:51:31.8,68.44,-3.032082,71.47208444140625
2023-05-02 16:51:31.567,2023-05-02 16:51:32.0,69.76,-3.032082,72.79208413623047
2023-05-02 16:51:31.567,2023-05-02 16:51:32.0,69.76,-0.924383,70.68438513623047
2023-05-02 16:51:31.734,2023-05-02 16:51:32.2,69.81,-0.924383,70.73438055859376
2023-05-02 16:51:31.8,2023-05-02 16:51:32.2,69.41,-0.860422,70.27042566210937
2023-05-02 16:51:31.932,2023-05-02 16:51:32.4,68.3,-0.860422,69.16042505175781
2023-05-02 16:51:32.001,2023-05-02 16:51:32.4,66.09,-2.458287,68.54828333789062
2023-05-02 16:51:32.198,2023-05-02 16:51:32.599,47.33,-2.458287,49.788288831054686
2023-05-02 16:51:32.228,2023-05-02 16:51:32.599,43.13,-15.966864,59.096865068115235
2023-05-02 16:51:32.301,2023-05-02 16:51:32.8,33.51,-15.966864,49.476862321533204
2023-05-02 16:51:32.827,2023-05-02 16:51:32.8,-44.42,-43.15818,-1.261818168945311
2023-05-02 16:51:32.827,2023-05-02 16:51:33.0,-44.42,-43.15818,-1.261818168945311
2023-05-02 16:51:32.827,2023-05-02 16:51:33.0,-44.42,-78.937767,34.51776883105468
2023-05-02 16:51:32.935,2023-05-02 16:51:33.2,-51.98,-78.937767,26.957767457763666
2023-05-02 16:51:32.935,2023-05-02 16:51:33.2,-51.98,-105.750031,53.77003145776368
2023-05-02 16:51:32.966,2023-05-02 16:51:33.4,-54.05,-105.750031,51.70003176293946
2023-05-02 16:51:32.998,2023-05-02 16:51:33.4,-55.68,-122.520561,66.84056069482422
2023-05-02 16:51:33.094,2023-05-02 16:51:33.6,-55.81,-122.520561,66.71055962670899
2023-05-02 16:51:33.166,2023-05-02 16:51:33.6,-54.27,-125.484695,71.21469454223633
2023-05-02 16:51:33.33,2023-05-02 16:51:33.8,-53.02,-125.484695,72.46469454223633
2023-05-02 16:51:33.362,2023-05-02 16:51:33.8,-52.99,-123.34787,70.3578683215332
2023-05-02 16:51:33.565,2023-05-02 16:51:34.0,-48.77,-123.34787,74.57786954223633
2023-05-02 16:51:33.565,2023-05-02 16:51:34.0,-48.77,-121.034248,72.26424754223633
2023-05-02 16:51:33.702,2023-05-02 16:51:34.2,-32.74,-121.034248,88.29424632153321
2023-05-02 16:51:33.901,2023-05-02 16:51:34.2,3.91,-97.615173,101.52517308583069
2023-05-02 16:51:34.0,2023-05-02 16:51:34.4,21.77,-97.615173,119.38517345776367
2023-05-02 16:51:34.0,2023-05-02 16:51:34.4,21.77,-60.314274,82.08427445776367
2023-05-02 16:51:34.167,2023-05-02 16:51:34.6,41.47,-60.314274,101.78427522070312
2023-05-02 16:51:34.297,2023-05-02 16:51:34.6,48.64,-32.085827,80.72582638964843
2023-05-02 16:51:34.297,2023-05-02 16:51:34.8,48.64,-32.085827,80.72582638964843
2023-05-02 16:51:34.439,2023-05-02 16:51:34.8,53.05,-20.614714,73.66471323706054
2023-05-02 16:51:34.598,2023-05-02 16:51:35.0,52.56,-20.614714,73.17471537329101
2023-05-02 16:51:34.598,2023-05-02 16:51:35.0,52.56,-16.312498,68.87249937329102
2023-05-02 16:51:34.737,2023-05-02 16:51:35.2,48.14,-16.312498,64.45249738964844
2023-05-02 16:51:34.865,2023-05-02 16:51:35.2,47.51,-21.929556,69.43955432153321
2023-05-02 16:51:34.964,2023-05-02 16:51:35.4,47.23,-21.929556,69.15955554223633
2023-05-02 16:51:34.964,2023-05-02 16:51:35.4,47.23,-22.731014,69.96101354223633
2023-05-02 16:51:35.234,2023-05-02 16:51:35.6,42.56,-22.731014,65.29101537329102
2023-05-02 16:51:35.234,2023-05-02 16:51:35.6,42.56,-25.868181,68.42818237329101
2023-05-02 16:51:35.366,2023-05-02 16:51:35.8,43.47,-25.868181,69.33818222070312
2023-05-02 16:51:35.469,2023-05-02 16:51:35.8,43.47,-27.094021,70.56402222070312
2023-05-02 16:51:35.567,2023-05-02 16:51:36.0,43.69,-27.094021,70.78401962670898
2023-05-02 16:51:35.595,2023-05-02 16:51:36.0,44.02,-26.716978,70.73697845776367
2023-05-02 16:51:35.737,2023-05-02 16:51:36.2,45.89,-26.716978,72.60697738964843
2023-05-02 16:51:35.837,2023-05-02 16:51:36.2,47.75,-24.455702,72.205702
2023-05-02 16:51:35.904,2023-05-02 16:51:36.4,49.51,-24.455702,73.9657003215332
2023-05-02 16:51:35.973,2023-05-02 16:51:36.4,51.28,-19.982742,71.26274077929688
