Input,Time,Latitude,Longitude,Altitude,Pitch,Yaw,Roll,Stonex_status
SMAR,2023-06-12 14:59:18.703,46.0898059,11.115541,250.7858673034999,-2.52,1.3,-1.33,null
STON,2023-06-12 14:59:18.703,46.089805375,11.115529693333333,198.217,-1.769578,-109.503311,-0.575895,2
SMAR,2023-06-12 14:59:18.744,46.0898059,11.115541,250.7858673034999,-2.53,1.41,-1.34,null
SMAR,2023-06-12 14:59:18.777,46.0898059,11.115541,250.7858673034999,-2.52,1.41,-1.34,null
SMAR,2023-06-12 14:59:18.812,46.0898059,11.115541,250.7858673034999,-2.51,1.35,-1.34,null
SMAR,2023-06-12 14:59:18.844,46.0898059,11.115541,250.7858673034999,-2.51,1.36,-1.35,null
SMAR,2023-06-12 14:59:18.876,46.0898059,11.115541,250.7858673034999,-2.51,1.39,-1.37,null
SMAR,2023-06-12 14:59:18.926,46.0898059,11.115541,250.7858673034999,-2.49,1.35,-1.41,null
SMAR,2023-06-12 14:59:18.958,46.0898059,11.115541,250.7858673034999,-2.49,1.38,-1.44,null
SMAR,2023-06-12 14:59:18.993,46.0898059,11.115541,250.7858673034999,-2.47,1.38,-1.46,null
SMAR,2023-06-12 14:59:19.028,46.0898059,11.115541,250.7858673034999,-2.47,1.38,-1.48,null
SMAR,2023-06-12 14:59:19.057,46.0898059,11.115541,250.7858673034999,-2.46,1.39,-1.49,null
SMAR,2023-06-12 14:59:19.095,46.0898059,11.115541,250.7858673034999,-2.46,1.39,-1.51,null
STON,2023-06-12 14:59:19.095,46.089805375,11.115529693333333,198.217,-1.757025,-109.582085,-0.510612,2
SMAR,2023-06-12 14:59:19.131,46.0898059,11.115541,250.7858673034999,-2.45,1.37,-1.53,null
SMAR,2023-06-12 14:59:19.159,46.0898059,11.115541,250.7858673034999,-2.44,1.38,-1.55,null
STON,2023-06-12 14:59:19.159,46.08980536333333,11.115529663333334,198.216,-1.757025,-109.582085,-0.510612,2
SMAR,2023-06-12 14:59:19.205,46.0898059,11.115541,250.7858673034999,-2.43,1.39,-1.55,null
SMAR,2023-06-12 14:59:19.227,46.0898059,11.115541,250.7858673034999,-2.42,1.36,-1.55,null
STON,2023-06-12 14:59:19.227,46.08980536333333,11.115529663333334,198.216,-1.71925,-109.595558,-0.577092,2
STON,2023-06-12 14:59:19.227,46.08980535166667,11.115529656666666,198.215,-1.71925,-109.595558,-0.577092,2
STON,2023-06-12 14:59:19.227,46.08980535166667,11.115529656666666,198.215,-1.675005,-109.538902,-0.691619,2
SMAR,2023-06-12 14:59:19.256,46.0898059,11.115541,250.7858673034999,-2.4,1.3,-1.56,null
SMAR,2023-06-12 14:59:19.292,46.0898059,11.115541,250.7858673034999,-2.37,1.24,-1.56,null
SMAR,2023-06-12 14:59:19.323,46.0898059,11.115541,250.7858673034999,-2.33,1.18,-1.56,null
SMAR,2023-06-12 14:59:19.369,46.0898059,11.115541,250.7858673034999,-2.28,1.14,-1.58,null
SMAR,2023-06-12 14:59:19.391,46.0898059,11.115541,250.7858673034999,-2.23,1.14,-1.59,null
SMAR,2023-06-12 14:59:19.429,46.0898056,11.1155362,250.84432891419013,-2.19,1.16,-1.61,null
SMAR,2023-06-12 14:59:19.475,46.0898056,11.1155362,250.84432891419013,-2.14,1.15,-1.63,null
STON,2023-06-12 14:59:19.475,46.08980534333333,11.11552961,198.214,-1.675005,-109.538902,-0.691619,2
STON,2023-06-12 14:59:19.475,46.08980534333333,11.11552961,198.214,-1.5709,-109.688103,-0.741163,2
SMAR,2023-06-12 14:59:19.502,46.0898056,11.1155362,250.84432891419013,-2.1,1.1,-1.64,null
SMAR,2023-06-12 14:59:19.532,46.0898056,11.1155362,250.84432891419013,-2.07,0.99,-1.66,null
SMAR,2023-06-12 14:59:19.565,46.0898056,11.1155362,250.84432891419013,-2.02,0.86,-1.68,null
SMAR,2023-06-12 14:59:19.597,46.0898056,11.1155362,250.84432891419013,-1.99,0.72,-1.69,null
STON,2023-06-12 14:59:19.597,46.08980533333333,11.115529496666667,198.212,-1.5709,-109.688103,-0.741163,2
SMAR,2023-06-12 14:59:19.629,46.0898056,11.1155362,250.84432891419013,-1.97,0.48,-1.71,null
STON,2023-06-12 14:59:19.629,46.08980533333333,11.115529496666667,198.212,-1.30215,-109.852776,-0.825397,2
SMAR,2023-06-12 14:59:19.659,46.0898056,11.1155362,250.84432891419013,-1.95,0.0,-1.75,null
SMAR,2023-06-12 14:59:19.691,46.0898056,11.1155362,250.84432891419013,-1.95,-0.8,-1.76,null
SMAR,2023-06-12 14:59:19.728,46.0898056,11.1155362,250.84432891419013,-1.96,-1.94,-1.77,null
SMAR,2023-06-12 14:59:19.76,46.0898056,11.1155362,250.84432891419013,-1.98,-3.25,-1.77,null
SMAR,2023-06-12 14:59:19.794,46.0898056,11.1155362,250.84432891419013,-2.0,-4.68,-1.78,null
STON,2023-06-12 14:59:19.794,46.08980531,11.11552939,198.216,-1.30215,-109.852776,-0.825397,2
SMAR,2023-06-12 14:59:19.832,46.0898056,11.1155362,250.84432891419013,-2.0,-6.15,-1.82,null
SMAR,2023-06-12 14:59:19.882,46.0898056,11.1155362,250.84432891419013,-2.05,-7.6,-1.86,null
SMAR,2023-06-12 14:59:19.916,46.0898056,11.1155362,250.84432891419013,-2.1,-9.1,-1.91,null
SMAR,2023-06-12 14:59:19.929,46.0898056,11.1155362,250.84432891419013,-2.12,-10.73,-1.98,null
SMAR,2023-06-12 14:59:19.962,46.0898056,11.1155362,250.84432891419013,-2.19,-12.61,-2.05,null
STON,2023-06-12 14:59:19.962,46.08980522833333,11.115529251666667,198.217,-1.30215,-109.852776,-0.825397,2
SMAR,2023-06-12 14:59:20.004,46.0898056,11.1155362,250.84432891419013,-2.22,-14.74,-2.12,null
SMAR,2023-06-12 14:59:20.024,46.0898056,11.1155362,250.84432891419013,-2.31,-17.1,-2.18,null
STON,2023-06-12 14:59:20.024,46.08980522833333,11.115529251666667,198.217,-1.244971,-120.75264,-1.071274,2
SMAR,2023-06-12 14:59:20.061,46.0898056,11.1155362,250.84432891419013,-2.41,-19.42,-2.23,null
SMAR,2023-06-12 14:59:20.112,46.0898056,11.1155362,250.84432891419013,-2.52,-21.55,-2.29,null
SMAR,2023-06-12 14:59:20.13,46.0898056,11.1155362,250.84432891419013,-2.56,-23.45,-2.35,null
SMAR,2023-06-12 14:59:20.162,46.0898056,11.1155362,250.84432891419013,-2.66,-25.19,-2.42,null
SMAR,2023-06-12 14:59:20.193,46.0898056,11.1155362,250.84432891419013,-2.78,-26.79,-2.47,null
SMAR,2023-06-12 14:59:20.237,46.0898056,11.1155362,250.84432891419013,-2.85,-28.18,-2.52,null
SMAR,2023-06-12 14:59:20.274,46.0898056,11.1155362,250.84432891419013,-2.96,-29.53,-2.55,null
STON,2023-06-12 14:59:20.274,46.08980507166667,11.11552906,198.22,-1.244971,-120.75264,-1.071274,2
STON,2023-06-12 14:59:20.274,46.08980507166667,11.11552906,198.22,-1.594491,-133.156189,-1.432584,2
SMAR,2023-06-12 14:59:20.304,46.0898056,11.1155362,250.84432891419013,-3.07,-30.86,-2.56,null
SMAR,2023-06-12 14:59:20.336,46.0898056,11.1155362,250.84432891419013,-3.13,-32.2,-2.54,null
SMAR,2023-06-12 14:59:20.37,46.0898056,11.1155362,250.84432891419013,-3.23,-33.53,-2.51,null
SMAR,2023-06-12 14:59:20.394,46.0898056,11.1155362,250.84432891419013,-3.35,-34.83,-2.48,null
SMAR,2023-06-12 14:59:20.427,46.0898055,11.1155342,250.77008475399293,-3.45,-36.22,-2.42,null
SMAR,2023-06-12 14:59:20.458,46.0898055,11.1155342,250.77008475399293,-3.58,-37.75,-2.34,null
SMAR,2023-06-12 14:59:20.509,46.0898055,11.1155342,250.77008475399293,-3.68,-39.4,-2.26,null
SMAR,2023-06-12 14:59:20.532,46.0898055,11.1155342,250.77008475399293,-3.83,-41.14,-2.17,null
STON,2023-06-12 14:59:20.532,46.089804941666664,11.115528975,198.224,-1.594491,-133.156189,-1.432584,2
STON,2023-06-12 14:59:20.532,46.089804941666664,11.115528975,198.224,-2.11501,-141.953094,-1.671989,2
SMAR,2023-06-12 14:59:20.559,46.0898055,11.1155342,250.77008475399293,-3.98,-42.9,-2.09,null
SMAR,2023-06-12 14:59:20.605,46.0898055,11.1155342,250.77008475399293,-4.09,-44.66,-2.0,null
SMAR,2023-06-12 14:59:20.641,46.0898055,11.1155342,250.77008475399293,-4.26,-46.46,-1.9,null
SMAR,2023-06-12 14:59:20.657,46.0898055,11.1155342,250.77008475399293,-4.43,-48.33,-1.8,null
STON,2023-06-12 14:59:20.657,46.089804873333335,11.11552904,198.226,-2.11501,-141.953094,-1.671989,2
SMAR,2023-06-12 14:59:20.713,46.0898055,11.1155342,250.77008475399293,-4.57,-50.2,-1.68,null
SMAR,2023-06-12 14:59:20.729,46.0898055,11.1155342,250.77008475399293,-4.67,-51.96,-1.56,null
SMAR,2023-06-12 14:59:20.76,46.0898055,11.1155342,250.77008475399293,-4.8,-53.42,-1.46,null
SMAR,2023-06-12 14:59:20.806,46.0898055,11.1155342,250.77008475399293,-4.91,-54.57,-1.4,null
SMAR,2023-06-12 14:59:20.837,46.0898055,11.1155342,250.77008475399293,-5.06,-55.55,-1.32,null
SMAR,2023-06-12 14:59:20.857,46.0898055,11.1155342,250.77008475399293,-5.17,-56.49,-1.26,null
STON,2023-06-12 14:59:20.857,46.089804873333335,11.11552904,198.226,-2.770375,-150.588333,-1.370817,2
SMAR,2023-06-12 14:59:20.91,46.0898055,11.1155342,250.77008475399293,-5.29,-57.51,-1.19,null
SMAR,2023-06-12 14:59:20.928,46.0898055,11.1155342,250.77008475399293,-5.42,-58.77,-1.09,null
STON,2023-06-12 14:59:20.928,46.08980473333333,11.115529088333334,198.222,-2.770375,-150.588333,-1.370817,2
STON,2023-06-12 14:59:20.928,46.08980473333333,11.115529088333334,198.222,-3.587636,-161.226212,-0.809189,2
SMAR,2023-06-12 14:59:20.958,46.0898055,11.1155342,250.77008475399293,-5.5,-60.18,-0.98,null
SMAR,2023-06-12 14:59:21.006,46.0898055,11.1155342,250.77008475399293,-5.58,-61.64,-0.85,null
STON,2023-06-12 14:59:21.006,46.089804586666666,11.115529155,198.22,-3.587636,-161.226212,-0.809189,2
SMAR,2023-06-12 14:59:21.023,46.0898055,11.1155342,250.77008475399293,-5.71,-63.18,-0.73,null
SMAR,2023-06-12 14:59:21.061,46.0898055,11.1155342,250.77008475399293,-5.79,-64.89,-0.59,null
STON,2023-06-12 14:59:21.061,46.089804586666666,11.115529155,198.22,-4.322078,-168.099594,-0.356026,2
SMAR,2023-06-12 14:59:21.114,46.0898055,11.1155342,250.77008475399293,-5.86,-66.68,-0.44,null
SMAR,2023-06-12 14:59:21.14,46.0898055,11.1155342,250.77008475399293,-5.9,-68.45,-0.28,null
STON,2023-06-12 14:59:21.14,46.08980456333333,11.115529173333334,198.218,-4.322078,-168.099594,-0.356026,2
SMAR,2023-06-12 14:59:21.18,46.0898055,11.1155342,250.77008475399293,-5.92,-70.11,-0.11,null
STON,2023-06-12 14:59:21.18,46.08980456333333,11.115529173333334,198.218,-4.77848,-177.503006,0.393495,2
SMAR,2023-06-12 14:59:21.217,46.0898055,11.1155342,250.77008475399293,-5.9,-71.55,0.02,null
SMAR,2023-06-12 14:59:21.235,46.0898055,11.1155342,250.77008475399293,-5.92,-72.78,0.16,null
SMAR,2023-06-12 14:59:21.279,46.0898055,11.1155342,250.77008475399293,-5.91,-73.91,0.28,null
SMAR,2023-06-12 14:59:21.316,46.0898055,11.1155342,250.77008475399293,-5.83,-75.08,0.41,null
SMAR,2023-06-12 14:59:21.346,46.0898055,11.1155342,250.77008475399293,-5.78,-76.44,0.57,null
SMAR,2023-06-12 14:59:21.38,46.089805,11.1155324,250.7575571731624,-5.69,-77.98,0.73,null
SMAR,2023-06-12 14:59:21.417,46.089805,11.1155324,250.7575571731624,-5.55,-79.72,0.92,null
SMAR,2023-06-12 14:59:21.446,46.089805,11.1155324,250.7575571731624,-5.41,-81.56,1.12,null
STON,2023-06-12 14:59:21.446,46.08980459,11.115529245,198.222,-4.77848,-177.503006,0.393495,2
SMAR,2023-06-12 14:59:21.466,46.089805,11.1155324,250.7575571731624,-5.26,-83.38,1.31,null
SMAR,2023-06-12 14:59:21.513,46.089805,11.1155324,250.7575571731624,-5.06,-85.16,1.46,null
STON,2023-06-12 14:59:21.513,46.08980459,11.115529245,198.222,-4.70266,174.439407,1.228452,2
SMAR,2023-06-12 14:59:21.545,46.089805,11.1155324,250.7575571731624,-4.89,-86.81,1.6,null
SMAR,2023-06-12 14:59:21.582,46.089805,11.1155324,250.7575571731624,-4.74,-88.39,1.71,null
STON,2023-06-12 14:59:21.582,46.08980475,11.1155294,198.219,-4.70266,174.439407,1.228452,2
SMAR,2023-06-12 14:59:21.613,46.089805,11.1155324,250.7575571731624,-4.56,-90.0,1.82,null
SMAR,2023-06-12 14:59:21.647,46.089805,11.1155324,250.7575571731624,-4.38,-91.6,1.91,null
STON,2023-06-12 14:59:21.647,46.08980475,11.1155294,198.219,-3.844129,164.24855,2.265484,2
SMAR,2023-06-12 14:59:21.68,46.089805,11.1155324,250.7575571731624,-4.23,-93.21,1.98,null
SMAR,2023-06-12 14:59:21.712,46.089805,11.1155324,250.7575571731624,-4.05,-94.85,2.06,null
STON,2023-06-12 14:59:21.712,46.089804935,11.115529518333334,198.221,-3.844129,164.24855,2.265484,2
SMAR,2023-06-12 14:59:21.749,46.089805,11.1155324,250.7575571731624,-3.87,-96.39,2.11,null
SMAR,2023-06-12 14:59:21.768,46.089805,11.1155324,250.7575571731624,-3.74,-97.76,2.14,null
SMAR,2023-06-12 14:59:21.817,46.089805,11.1155324,250.7575571731624,-3.58,-98.98,2.16,null
STON,2023-06-12 14:59:21.817,46.089804935,11.115529518333334,198.221,-2.818579,154.766342,2.788503,2
SMAR,2023-06-12 14:59:21.846,46.089805,11.1155324,250.7575571731624,-3.43,-100.07,2.17,null
SMAR,2023-06-12 14:59:21.883,46.089805,11.1155324,250.7575571731624,-3.32,-101.16,2.18,null
SMAR,2023-06-12 14:59:21.897,46.089805,11.1155324,250.7575571731624,-3.17,-102.25,2.2,null
STON,2023-06-12 14:59:21.897,46.08980511,11.11552959,198.22,-2.818579,154.766342,2.788503,2
SMAR,2023-06-12 14:59:21.934,46.089805,11.1155324,250.7575571731624,-3.05,-103.42,2.21,null
SMAR,2023-06-12 14:59:21.983,46.089805,11.1155324,250.7575571731624,-2.94,-104.69,2.23,null
STON,2023-06-12 14:59:21.983,46.08980511,11.11552959,198.22,-1.966736,147.716904,2.887038,2
SMAR,2023-06-12 14:59:22.005,46.089805,11.1155324,250.7575571731624,-2.78,-105.91,2.24,null
SMAR,2023-06-12 14:59:22.047,46.089805,11.1155324,250.7575571731624,-2.68,-106.99,2.23,null
SMAR,2023-06-12 14:59:22.081,46.089805,11.1155324,250.7575571731624,-2.61,-107.96,2.21,null
SMAR,2023-06-12 14:59:22.115,46.089805,11.1155324,250.7575571731624,-2.49,-108.9,2.19,null
SMAR,2023-06-12 14:59:22.147,46.089805,11.1155324,250.7575571731624,-2.44,-109.89,2.15,null
STON,2023-06-12 14:59:22.147,46.08980523,11.11552955,198.208,-1.966736,147.716904,2.887038,2
SMAR,2023-06-12 14:59:22.182,46.089805,11.1155324,250.7575571731624,-2.39,-110.99,2.12,null
SMAR,2023-06-12 14:59:22.215,46.089805,11.1155324,250.7575571731624,-2.3,-112.25,2.07,null
STON,2023-06-12 14:59:22.215,46.08980523,11.11552955,198.208,-1.332534,141.29274,2.836056,2
SMAR,2023-06-12 14:59:22.247,46.089805,11.1155324,250.7575571731624,-2.27,-113.65,2.02,null
SMAR,2023-06-12 14:59:22.281,46.089805,11.1155324,250.7575571731624,-2.25,-115.11,1.96,null
SMAR,2023-06-12 14:59:22.314,46.089805,11.1155324,250.7575571731624,-2.22,-116.55,1.89,null
SMAR,2023-06-12 14:59:22.35,46.089805,11.1155324,250.7575571731624,-2.24,-118.01,1.83,null
SMAR,2023-06-12 14:59:22.365,46.0898045,11.1155305,250.66568881433471,-2.26,-119.46,1.76,null
SMAR,2023-06-12 14:59:22.425,46.0898045,11.1155305,250.66568881433471,-2.25,-120.87,1.69,null
SMAR,2023-06-12 14:59:22.438,46.0898045,11.1155305,250.66568881433471,-2.33,-122.28,1.63,null
STON,2023-06-12 14:59:22.438,46.089805335,11.115529383333334,198.214,-1.332534,141.29274,2.836056,2
SMAR,2023-06-12 14:59:22.484,46.0898045,11.1155305,250.66568881433471,-2.41,-123.78,1.57,null
STON,2023-06-12 14:59:22.484,46.089805335,11.115529383333334,198.214,-1.099087,133.483719,2.497143,2
SMAR,2023-06-12 14:59:22.513,46.0898045,11.1155305,250.66568881433471,-2.43,-125.35,1.52,null
SMAR,2023-06-12 14:59:22.547,46.0898045,11.1155305,250.66568881433471,-2.54,-126.96,1.47,null
STON,2023-06-12 14:59:22.547,46.08980538833333,11.115529035,198.22,-1.099087,133.483719,2.497143,2
SMAR,2023-06-12 14:59:22.569,46.0898045,11.1155305,250.66568881433471,-2.62,-128.53,1.42,null
SMAR,2023-06-12 14:59:22.614,46.0898045,11.1155305,250.66568881433471,-2.66,-129.97,1.38,null
STON,2023-06-12 14:59:22.614,46.08980538833333,11.115529035,198.22,-1.367293,124.73333,2.090961,2
SMAR,2023-06-12 14:59:22.648,46.0898045,11.1155305,250.66568881433471,-2.79,-131.27,1.33,null
SMAR,2023-06-12 14:59:22.667,46.0898045,11.1155305,250.66568881433471,-2.9,-132.52,1.29,null
SMAR,2023-06-12 14:59:22.698,46.0898045,11.1155305,250.66568881433471,-2.97,-133.92,1.24,null
STON,2023-06-12 14:59:22.698,46.089805425,11.115528683333334,198.217,-1.367293,124.73333,2.090961,2
SMAR,2023-06-12 14:59:22.753,46.0898045,11.1155305,250.66568881433471,-2.98,-135.51,1.22,null
SMAR,2023-06-12 14:59:22.78,46.0898045,11.1155305,250.66568881433471,-3.01,-137.18,1.2,null
SMAR,2023-06-12 14:59:22.81,46.0898045,11.1155305,250.66568881433471,-3.03,-138.77,1.18,null
SMAR,2023-06-12 14:59:22.837,46.0898045,11.1155305,250.66568881433471,-3.0,-140.19,1.15,null
STON,2023-06-12 14:59:22.837,46.089805425,11.115528683333334,198.217,-1.834004,116.308319,1.790353,2
SMAR,2023-06-12 14:59:22.879,46.0898045,11.1155305,250.66568881433471,-3.0,-141.4,1.11,null
SMAR,2023-06-12 14:59:22.909,46.0898045,11.1155305,250.66568881433471,-2.96,-142.43,1.06,null
SMAR,2023-06-12 14:59:22.932,46.0898045,11.1155305,250.66568881433471,-2.97,-143.49,1.02,null
SMAR,2023-06-12 14:59:22.967,46.0898045,11.1155305,250.66568881433471,-2.94,-144.67,0.99,null
STON,2023-06-12 14:59:22.967,46.089805525,11.115528565,198.216,-1.834004,116.308319,1.790353,2
SMAR,2023-06-12 14:59:23.007,46.0898045,11.1155305,250.66568881433471,-2.89,-145.97,0.97,null
SMAR,2023-06-12 14:59:23.041,46.0898045,11.1155305,250.66568881433471,-2.86,-147.35,0.95,null
STON,2023-06-12 14:59:23.041,46.089805525,11.115528565,198.216,-1.85052,108.221626,1.576504,2
SMAR,2023-06-12 14:59:23.063,46.0898045,11.1155305,250.66568881433471,-2.83,-148.73,0.94,null
SMAR,2023-06-12 14:59:23.097,46.0898045,11.1155305,250.66568881433471,-2.82,-150.08,0.92,null
SMAR,2023-06-12 14:59:23.134,46.0898045,11.1155305,250.66568881433471,-2.78,-151.4,0.92,null
STON,2023-06-12 14:59:23.134,46.089805596666665,11.115528556666666,198.221,-1.85052,108.221626,1.576504,2
SMAR,2023-06-12 14:59:23.167,46.0898045,11.1155305,250.66568881433471,-2.75,-152.75,0.93,null
SMAR,2023-06-12 14:59:23.212,46.0898045,11.1155305,250.66568881433471,-2.68,-154.16,0.95,null
STON,2023-06-12 14:59:23.212,46.089805596666665,11.115528556666666,198.221,-1.651843,100.435059,1.439913,2
SMAR,2023-06-12 14:59:23.247,46.0898045,11.1155305,250.66568881433471,-2.63,-155.77,0.98,null
SMAR,2023-06-12 14:59:23.264,46.0898045,11.1155305,250.66568881433471,-2.54,-157.48,1.02,null
SMAR,2023-06-12 14:59:23.315,46.0898045,11.1155305,250.66568881433471,-2.46,-159.09,1.05,null
SMAR,2023-06-12 14:59:23.344,46.0898045,11.1155305,250.66568881433471,-2.45,-160.74,1.08,null
SMAR,2023-06-12 14:59:23.365,46.0898045,11.1155305,250.66568881433471,-2.37,-162.46,1.12,null
SMAR,2023-06-12 14:59:23.398,46.0898042,11.1155303,250.66360090869236,-2.26,-164.19,1.15,null
STON,2023-06-12 14:59:23.398,46.08980563666667,11.115528631666667,198.222,-1.651843,100.435059,1.439913,2
SMAR,2023-06-12 14:59:23.431,46.0898042,11.1155303,250.66360090869236,-2.21,-165.82,1.16,null
STON,2023-06-12 14:59:23.431,46.08980563666667,11.115528631666667,198.222,-1.343228,91.274841,1.58057,2
SMAR,2023-06-12 14:59:23.467,46.0898042,11.1155303,250.66360090869236,-2.13,-167.1,1.17,null
SMAR,2023-06-12 14:59:23.502,46.0898042,11.1155303,250.66360090869236,-2.07,-167.9,1.14,null
STON,2023-06-12 14:59:23.502,46.089805655,11.115528708333333,198.221,-1.343228,91.274841,1.58057,2
SMAR,2023-06-12 14:59:23.539,46.0898042,11.1155303,250.66360090869236,-2.09,-168.41,1.12,null
SMAR,2023-06-12 14:59:23.564,46.0898042,11.1155303,250.66360090869236,-2.07,-168.97,1.09,null
SMAR,2023-06-12 14:59:23.617,46.0898042,11.1155303,250.66360090869236,-2.03,-169.81,1.08,null
SMAR,2023-06-12 14:59:23.642,46.0898042,11.1155303,250.66360090869236,-2.02,-170.99,1.06,null
STON,2023-06-12 14:59:23.642,46.089805655,11.115528708333333,198.221,-0.99495,83.235641,1.625337,2
SMAR,2023-06-12 14:59:23.665,46.0898042,11.1155303,250.66360090869236,-1.98,-172.32,1.02,null
SMAR,2023-06-12 14:59:23.7,46.0898042,11.1155303,250.66360090869236,-1.95,-173.78,0.97,null
STON,2023-06-12 14:59:23.7,46.08980574666667,11.11552875,198.226,-0.99495,83.235641,1.625337,2
SMAR,2023-06-12 14:59:23.743,46.0898042,11.1155303,250.66360090869236,-1.89,-175.25,0.95,null
SMAR,2023-06-12 14:59:23.765,46.0898042,11.1155303,250.66360090869236,-1.83,-176.44,0.88,null
SMAR,2023-06-12 14:59:23.8,46.0898042,11.1155303,250.66360090869236,-1.75,-177.28,0.8,null
SMAR,2023-06-12 14:59:23.832,46.0898042,11.1155303,250.66360090869236,-1.72,-177.88,0.72,null
STON,2023-06-12 14:59:23.832,46.08980574666667,11.11552875,198.226,-0.825436,76.795189,1.402524,2
SMAR,2023-06-12 14:59:23.867,46.0898042,11.1155303,250.66360090869236,-1.66,-178.42,0.63,null
SMAR,2023-06-12 14:59:23.916,46.0898042,11.1155303,250.66360090869236,-1.6,-178.94,0.59,null
SMAR,2023-06-12 14:59:23.935,46.0898042,11.1155303,250.66360090869236,-1.55,-179.7,0.52,null
STON,2023-06-12 14:59:23.935,46.089805866666666,11.115528898333332,198.23,-0.825436,76.795189,1.402524,2
SMAR,2023-06-12 14:59:23.965,46.0898042,11.1155303,250.66360090869236,-1.5,179.41,0.46,null
SMAR,2023-06-12 14:59:24.0,46.0898042,11.1155303,250.66360090869236,-1.47,178.45,0.44,null
SMAR,2023-06-12 14:59:24.045,46.0898042,11.1155303,250.66360090869236,-1.43,177.2,0.41,null
SMAR,2023-06-12 14:59:24.066,46.0898042,11.1155303,250.66360090869236,-1.42,175.83,0.37,null
SMAR,2023-06-12 14:59:24.108,46.0898042,11.1155303,250.66360090869236,-1.41,174.61,0.36,null
SMAR,2023-06-12 14:59:24.132,46.0898042,11.1155303,250.66360090869236,-1.41,173.19,0.31,null
SMAR,2023-06-12 14:59:24.167,46.0898042,11.1155303,250.66360090869236,-1.43,171.8,0.27,null
STON,2023-06-12 14:59:24.167,46.08980599,11.115529011666666,198.226,-0.825436,76.795189,1.402524,2
SMAR,2023-06-12 14:59:24.214,46.0898042,11.1155303,250.66360090869236,-1.42,170.59,0.24,null
SMAR,2023-06-12 14:59:24.243,46.0898042,11.1155303,250.66360090869236,-1.45,169.32,0.18,null
SMAR,2023-06-12 14:59:24.267,46.0898042,11.1155303,250.66360090869236,-1.5,168.05,0.13,null
SMAR,2023-06-12 14:59:24.311,46.0898042,11.1155303,250.66360090869236,-1.54,166.78,0.09,null
SMAR,2023-06-12 14:59:24.333,46.0898042,11.1155303,250.66360090869236,-1.62,165.25,0.05,null
SMAR,2023-06-12 14:59:24.367,46.0898042,11.11553,250.72166250129345,-1.7,163.6,-0.01,null
SMAR,2023-06-12 14:59:24.416,46.0898042,11.11553,250.72166250129345,-1.82,161.89,-0.05,null
SMAR,2023-06-12 14:59:24.434,46.0898042,11.11553,250.72166250129345,-1.91,160.12,-0.09,null
SMAR,2023-06-12 14:59:24.466,46.0898042,11.11553,250.72166250129345,-2.04,158.24,-0.15,null
SMAR,2023-06-12 14:59:24.5,46.0898042,11.11553,250.72166250129345,-2.12,156.39,-0.18,null
STON,2023-06-12 14:59:24.5,46.08980599,11.115529011666666,198.226,-0.409939,64.864502,0.668676,2
SMAR,2023-06-12 14:59:24.539,46.0898042,11.11553,250.72166250129345,-2.25,154.53,-0.24,null
STON,2023-06-12 14:59:24.539,46.08980611166667,11.11552903,198.227,-0.409939,64.864502,0.668676,2
STON,2023-06-12 14:59:24.539,46.08980611166667,11.11552903,198.227,-0.636817,56.845798,0.348581,2
STON,2023-06-12 14:59:24.539,46.08980632666667,11.115528963333333,198.227,-0.636817,56.845798,0.348581,2
SMAR,2023-06-12 14:59:24.582,46.0898042,11.11553,250.72166250129345,-2.36,152.91,-0.29,null
SMAR,2023-06-12 14:59:24.607,46.0898042,11.11553,250.72166250129345,-2.52,151.54,-0.36,null
STON,2023-06-12 14:59:24.607,46.08980632666667,11.115528963333333,198.227,-1.315264,46.250858,0.024096,2
SMAR,2023-06-12 14:59:24.633,46.0898042,11.11553,250.72166250129345,-2.6,150.31,-0.43,null
SMAR,2023-06-12 14:59:24.667,46.0898042,11.11553,250.72166250129345,-2.69,149.06,-0.5,null
SMAR,2023-06-12 14:59:24.71,46.0898042,11.11553,250.72166250129345,-2.79,147.76,-0.56,null
SMAR,2023-06-12 14:59:24.737,46.0898042,11.11553,250.72166250129345,-2.87,146.36,-0.61,null
STON,2023-06-12 14:59:24.737,46.089806575,11.115529013333333,198.224,-1.315264,46.250858,0.024096,2
SMAR,2023-06-12 14:59:24.766,46.0898042,11.11553,250.72166250129345,-2.95,144.82,-0.66,null
SMAR,2023-06-12 14:59:24.799,46.0898042,11.11553,250.72166250129345,-3.0,143.23,-0.69,null
STON,2023-06-12 14:59:24.799,46.089806575,11.115529013333333,198.224,-1.98036,37.928734,-0.351887,2
SMAR,2023-06-12 14:59:24.833,46.0898042,11.11553,250.72166250129345,-3.09,141.54,-0.72,null
SMAR,2023-06-12 14:59:24.868,46.0898042,11.11553,250.72166250129345,-3.15,139.85,-0.74,null
SMAR,2023-06-12 14:59:24.903,46.0898042,11.11553,250.72166250129345,-3.21,138.22,-0.78,null
SMAR,2023-06-12 14:59:24.933,46.0898042,11.11553,250.72166250129345,-3.23,136.67,-0.82,null
STON,2023-06-12 14:59:24.933,46.089806728333336,11.11552913,198.223,-1.98036,37.928734,-0.351887,2
SMAR,2023-06-12 14:59:24.968,46.0898042,11.11553,250.72166250129345,-3.26,135.16,-0.85,null
SMAR,2023-06-12 14:59:25.001,46.0898042,11.11553,250.72166250129345,-3.25,133.65,-0.89,null
STON,2023-06-12 14:59:25.001,46.089806728333336,11.11552913,198.223,-2.391884,28.332851,-0.56169,2
SMAR,2023-06-12 14:59:25.039,46.0898042,11.11553,250.72166250129345,-3.25,132.04,-0.91,null
SMAR,2023-06-12 14:59:25.07,46.0898042,11.11553,250.72166250129345,-3.23,130.39,-0.94,null
SMAR,2023-06-12 14:59:25.102,46.0898042,11.11553,250.72166250129345,-3.24,128.72,-0.94,null
SMAR,2023-06-12 14:59:25.143,46.0898042,11.11553,250.72166250129345,-3.22,126.92,-0.95,null
STON,2023-06-12 14:59:25.143,46.089806725,11.115529328333333,198.216,-2.391884,28.332851,-0.56169,2
SMAR,2023-06-12 14:59:25.167,46.0898042,11.11553,250.72166250129345,-3.16,125.03,-0.95,null
SMAR,2023-06-12 14:59:25.201,46.0898042,11.11553,250.72166250129345,-3.17,123.03,-0.94,null
STON,2023-06-12 14:59:25.201,46.089806725,11.115529328333333,198.216,-2.409257,18.747614,-0.660024,2
SMAR,2023-06-12 14:59:25.238,46.0898042,11.11553,250.72166250129345,-3.13,120.95,-0.96,null
SMAR,2023-06-12 14:59:25.267,46.0898042,11.11553,250.72166250129345,-3.08,118.98,-0.96,null
SMAR,2023-06-12 14:59:25.304,46.0898042,11.11553,250.72166250129345,-3.09,117.21,-0.98,null
SMAR,2023-06-12 14:59:25.342,46.0898042,11.11553,250.72166250129345,-2.93,115.55,-0.96,null
SMAR,2023-06-12 14:59:25.368,46.0898042,11.11553,250.72166250129345,-2.9,114.15,-1.0,null
SMAR,2023-06-12 14:59:25.403,46.0898043,11.1155282,250.66946480865323,-2.88,112.78,-1.01,null
STON,2023-06-12 14:59:25.403,46.089806615,11.115529531666667,198.214,-2.409257,18.747614,-0.660024,2
SMAR,2023-06-12 14:59:25.434,46.0898043,11.1155282,250.66946480865323,-2.78,111.27,-1.01,null
STON,2023-06-12 14:59:25.434,46.089806615,11.115529531666667,198.214,-2.252884,7.536696,-0.639714,2
SMAR,2023-06-12 14:59:25.468,46.0898043,11.1155282,250.66946480865323,-2.75,109.67,-1.01,null
SMAR,2023-06-12 14:59:25.506,46.0898043,11.1155282,250.66946480865323,-2.73,108.02,-1.0,null
SMAR,2023-06-12 14:59:25.534,46.0898043,11.1155282,250.66946480865323,-2.64,106.3,-0.99,null
STON,2023-06-12 14:59:25.534,46.08980648666667,11.115529696666666,198.216,-2.252884,7.536696,-0.639714,2
SMAR,2023-06-12 14:59:25.568,46.0898043,11.1155282,250.66946480865323,-2.58,104.78,-0.97,null
SMAR,2023-06-12 14:59:25.602,46.0898043,11.1155282,250.66946480865323,-2.56,103.45,-0.95,null
SMAR,2023-06-12 14:59:25.634,46.0898043,11.1155282,250.66946480865323,-2.45,102.29,-0.91,null
STON,2023-06-12 14:59:25.634,46.08980648666667,11.115529696666666,198.216,-2.029694,-1.419489,-0.653874,2
SMAR,2023-06-12 14:59:25.673,46.0898043,11.1155282,250.66946480865323,-2.39,101.32,-0.86,null
SMAR,2023-06-12 14:59:25.701,46.0898043,11.1155282,250.66946480865323,-2.36,100.32,-0.81,null
SMAR,2023-06-12 14:59:25.736,46.0898043,11.1155282,250.66946480865323,-2.27,99.2,-0.74,null
STON,2023-06-12 14:59:25.736,46.08980635166667,11.115529668333334,198.215,-2.029694,-1.419489,-0.653874,2
SMAR,2023-06-12 14:59:25.772,46.0898043,11.1155282,250.66946480865323,-2.21,98.0,-0.66,null
SMAR,2023-06-12 14:59:25.804,46.0898043,11.1155282,250.66946480865323,-2.17,96.76,-0.56,null
STON,2023-06-12 14:59:25.804,46.08980635166667,11.115529668333334,198.215,-1.736783,-8.571342,-0.383517,2
SMAR,2023-06-12 14:59:25.835,46.0898043,11.1155282,250.66946480865323,-2.11,95.45,-0.47,null
SMAR,2023-06-12 14:59:25.868,46.0898043,11.1155282,250.66946480865323,-2.08,94.26,-0.37,null
SMAR,2023-06-12 14:59:25.904,46.0898043,11.1155282,250.66946480865323,-2.08,93.27,-0.29,null
SMAR,2023-06-12 14:59:25.936,46.0898043,11.1155282,250.66946480865323,-2.04,92.48,-0.22,null
STON,2023-06-12 14:59:25.936,46.08980630166667,11.115529508333333,198.219,-1.736783,-8.571342,-0.383517,2
SMAR,2023-06-12 14:59:25.968,46.0898043,11.1155282,250.66946480865323,-2.06,91.78,-0.16,null
SMAR,2023-06-12 14:59:26.008,46.0898043,11.1155282,250.66946480865323,-2.09,91.06,-0.11,null
SMAR,2023-06-12 14:59:26.035,46.0898043,11.1155282,250.66946480865323,-2.16,90.07,-0.1,null
STON,2023-06-12 14:59:26.035,46.08980630166667,11.115529508333333,198.219,-1.506239,-15.328239,0.196263,2
SMAR,2023-06-12 14:59:26.07,46.0898043,11.1155282,250.66946480865323,-2.2,88.93,-0.05,null
SMAR,2023-06-12 14:59:26.102,46.0898043,11.1155282,250.66946480865323,-2.25,87.72,0.01,null
SMAR,2023-06-12 14:59:26.135,46.0898043,11.1155282,250.66946480865323,-2.33,86.53,0.03,null
SMAR,2023-06-12 14:59:26.17,46.0898043,11.1155282,250.66946480865323,-2.4,85.38,0.08,null
STON,2023-06-12 14:59:26.17,46.089806296666666,11.11552947,198.208,-1.506239,-15.328239,0.196263,2
SMAR,2023-06-12 14:59:26.202,46.0898043,11.1155282,250.66946480865323,-2.49,84.15,0.1,null
SMAR,2023-06-12 14:59:26.239,46.0898043,11.1155282,250.66946480865323,-2.59,82.8,0.14,null
STON,2023-06-12 14:59:26.239,46.089806296666666,11.11552947,198.208,-1.680552,-20.901794,0.535789,2
SMAR,2023-06-12 14:59:26.267,46.0898043,11.1155282,250.66946480865323,-2.66,81.35,0.19,null
SMAR,2023-06-12 14:59:26.31,46.0898043,11.1155282,250.66946480865323,-2.72,79.99,0.21,null
SMAR,2023-06-12 14:59:26.337,46.0898043,11.1155282,250.66946480865323,-2.81,78.81,0.28,null
SMAR,2023-06-12 14:59:26.375,46.0898056,11.1155278,250.70704711486482,-2.88,77.86,0.32,null
SMAR,2023-06-12 14:59:26.42,46.0898056,11.1155278,250.70704711486482,-2.95,77.13,0.36,null
SMAR,2023-06-12 14:59:26.445,46.0898056,11.1155278,250.70704711486482,-3.02,76.49,0.39,null
STON,2023-06-12 14:59:26.445,46.089806411666665,11.11552954,198.208,-1.680552,-20.901794,0.535789,2
STON,2023-06-12 14:59:26.445,46.089806411666665,11.11552954,198.208,-2.112326,-28.495127,0.844438,2
SMAR,2023-06-12 14:59:26.472,46.0898056,11.1155278,250.70704711486482,-3.06,75.74,0.43,null
SMAR,2023-06-12 14:59:26.506,46.0898056,11.1155278,250.70704711486482,-3.08,74.72,0.47,null
SMAR,2023-06-12 14:59:26.537,46.0898056,11.1155278,250.70704711486482,-3.08,73.5,0.5,null
STON,2023-06-12 14:59:26.537,46.089806485,11.115529588333333,198.208,-2.112326,-28.495127,0.844438,2
SMAR,2023-06-12 14:59:26.569,46.0898056,11.1155278,250.70704711486482,-3.08,72.24,0.52,null
SMAR,2023-06-12 14:59:26.619,46.0898056,11.1155278,250.70704711486482,-3.09,71.06,0.53,null
STON,2023-06-12 14:59:26.619,46.089806485,11.115529588333333,198.208,-2.412297,-33.674576,1.125265,2
SMAR,2023-06-12 14:59:26.639,46.0898056,11.1155278,250.70704711486482,-3.09,70.06,0.54,null
SMAR,2023-06-12 14:59:26.672,46.0898056,11.1155278,250.70704711486482,-3.08,68.97,0.54,null
SMAR,2023-06-12 14:59:26.703,46.0898056,11.1155278,250.70704711486482,-3.03,67.79,0.54,null
SMAR,2023-06-12 14:59:26.737,46.0898056,11.1155278,250.70704711486482,-3.0,66.48,0.53,null
SMAR,2023-06-12 14:59:26.77,46.0898056,11.1155278,250.70704711486482,-2.97,65.08,0.52,null
STON,2023-06-12 14:59:26.77,46.08980645166667,11.115529643333334,198.205,-2.412297,-33.674576,1.125265,2
SMAR,2023-06-12 14:59:26.802,46.0898056,11.1155278,250.70704711486482,-2.92,63.61,0.5,null
SMAR,2023-06-12 14:59:26.837,46.0898056,11.1155278,250.70704711486482,-2.86,62.12,0.47,null
STON,2023-06-12 14:59:26.837,46.08980645166667,11.115529643333334,198.205,-2.312374,-40.511848,1.216626,2
SMAR,2023-06-12 14:59:26.868,46.0898056,11.1155278,250.70704711486482,-2.82,60.64,0.44,null
SMAR,2023-06-12 14:59:26.903,46.0898056,11.1155278,250.70704711486482,-2.79,59.11,0.4,null
SMAR,2023-06-12 14:59:26.939,46.0898056,11.1155278,250.70704711486482,-2.73,57.54,0.37,null
STON,2023-06-12 14:59:26.939,46.089806323333335,11.115529693333333,198.203,-2.312374,-40.511848,1.216626,2
SMAR,2023-06-12 14:59:26.968,46.0898056,11.1155278,250.70704711486482,-2.72,55.89,0.33,null
SMAR,2023-06-12 14:59:27.005,46.0898056,11.1155278,250.70704711486482,-2.68,54.19,0.29,null
SMAR,2023-06-12 14:59:27.039,46.0898056,11.1155278,250.70704711486482,-2.66,52.4,0.25,null
STON,2023-06-12 14:59:27.039,46.089806323333335,11.115529693333333,198.203,-2.000254,-49.197319,1.116622,2
SMAR,2023-06-12 14:59:27.069,46.0898056,11.1155278,250.70704711486482,-2.64,50.61,0.23,null
SMAR,2023-06-12 14:59:27.103,46.0898056,11.1155278,250.70704711486482,-2.57,48.92,0.22,null
SMAR,2023-06-12 14:59:27.141,46.0898056,11.1155278,250.70704711486482,-2.59,47.28,0.23,null
STON,2023-06-12 14:59:27.141,46.089806153333335,11.11552975,198.204,-2.000254,-49.197319,1.116622,2
SMAR,2023-06-12 14:59:27.168,46.0898056,11.1155278,250.70704711486482,-2.6,45.6,0.24,null
SMAR,2023-06-12 14:59:27.214,46.0898056,11.1155278,250.70704711486482,-2.54,43.86,0.27,null
STON,2023-06-12 14:59:27.214,46.089806153333335,11.11552975,198.204,-1.803419,-59.216255,0.989594,2
SMAR,2023-06-12 14:59:27.237,46.0898056,11.1155278,250.70704711486482,-2.51,42.17,0.31,null
SMAR,2023-06-12 14:59:27.269,46.0898056,11.1155278,250.70704711486482,-2.48,40.63,0.37,null
SMAR,2023-06-12 14:59:27.304,46.0898056,11.1155278,250.70704711486482,-2.39,39.18,0.44,null
SMAR,2023-06-12 14:59:27.336,46.0898056,11.1155278,250.70704711486482,-2.34,37.88,0.5,null
SMAR,2023-06-12 14:59:27.37,46.0898056,11.1155278,250.70704711486482,-2.3,36.63,0.56,null
SMAR,2023-06-12 14:59:27.403,46.0898062,11.1155282,250.58177574421666,-2.22,35.33,0.63,null
STON,2023-06-12 14:59:27.403,46.08980614666667,11.115529698333333,198.205,-1.803419,-59.216255,0.989594,2
STON,2023-06-12 14:59:27.403,46.08980614666667,11.115529698333333,198.205,-1.559096,-68.577911,1.274911,2
SMAR,2023-06-12 14:59:27.44,46.0898062,11.1155282,250.58177574421666,-2.15,34.0,0.69,null
SMAR,2023-06-12 14:59:27.468,46.0898062,11.1155282,250.58177574421666,-2.09,32.77,0.75,null
SMAR,2023-06-12 14:59:27.505,46.0898062,11.1155282,250.58177574421666,-2.03,31.66,0.8,null
SMAR,2023-06-12 14:59:27.538,46.0898062,11.1155282,250.58177574421666,-1.93,30.68,0.85,null
STON,2023-06-12 14:59:27.538,46.08980618166667,11.115529546666666,198.206,-1.559096,-68.577911,1.274911,2
SMAR,2023-06-12 14:59:27.571,46.0898062,11.1155282,250.58177574421666,-1.88,29.92,0.88,null
SMAR,2023-06-12 14:59:27.604,46.0898062,11.1155282,250.58177574421666,-1.83,29.28,0.9,null
STON,2023-06-12 14:59:27.604,46.08980618166667,11.115529546666666,198.206,-1.133825,-75.772644,1.649358,2
SMAR,2023-06-12 14:59:27.642,46.0898062,11.1155282,250.58177574421666,-1.8,28.69,0.9,null
SMAR,2023-06-12 14:59:27.674,46.0898062,11.1155282,250.58177574421666,-1.8,27.99,0.89,null
SMAR,2023-06-12 14:59:27.704,46.0898062,11.1155282,250.58177574421666,-1.81,27.1,0.88,null
SMAR,2023-06-12 14:59:27.739,46.0898062,11.1155282,250.58177574421666,-1.81,25.94,0.83,null
STON,2023-06-12 14:59:27.739,46.08980616,11.115529518333334,198.204,-1.133825,-75.772644,1.649358,2
SMAR,2023-06-12 14:59:27.776,46.0898062,11.1155282,250.58177574421666,-1.84,24.56,0.8,null
SMAR,2023-06-12 14:59:27.804,46.0898062,11.1155282,250.58177574421666,-1.87,23.13,0.74,null
SMAR,2023-06-12 14:59:27.837,46.0898062,11.1155282,250.58177574421666,-1.9,21.73,0.66,null
STON,2023-06-12 14:59:27.837,46.08980616,11.115529518333334,198.204,-0.944016,-80.337868,1.694964,2
SMAR,2023-06-12 14:59:27.87,46.0898062,11.1155282,250.58177574421666,-1.98,20.39,0.6,null
SMAR,2023-06-12 14:59:27.906,46.0898062,11.1155282,250.58177574421666,-2.03,19.0,0.52,null
SMAR,2023-06-12 14:59:27.943,46.0898062,11.1155282,250.58177574421666,-2.09,17.46,0.46,null
STON,2023-06-12 14:59:27.943,46.089806035,11.115529658333333,198.205,-0.944016,-80.337868,1.694964,2
SMAR,2023-06-12 14:59:27.981,46.0898062,11.1155282,250.58177574421666,-2.16,15.94,0.4,null
SMAR,2023-06-12 14:59:28.007,46.0898062,11.1155282,250.58177574421666,-2.24,14.61,0.34,null
STON,2023-06-12 14:59:28.007,46.089806035,11.115529658333333,198.205,-1.128927,-88.545418,1.356255,2
SMAR,2023-06-12 14:59:28.037,46.0898062,11.1155282,250.58177574421666,-2.31,13.42,0.28,null
SMAR,2023-06-12 14:59:28.072,46.0898062,11.1155282,250.58177574421666,-2.41,12.25,0.23,null
SMAR,2023-06-12 14:59:28.105,46.0898062,11.1155282,250.58177574421666,-2.48,10.91,0.19,null
SMAR,2023-06-12 14:59:28.141,46.0898062,11.1155282,250.58177574421666,-2.59,9.21,0.17,null
STON,2023-06-12 14:59:28.141,46.08980588833333,11.115529875,198.208,-1.128927,-88.545418,1.356255,2
SMAR,2023-06-12 14:59:28.171,46.0898062,11.1155282,250.58177574421666,-2.64,7.29,0.17,null
SMAR,2023-06-12 14:59:28.21,46.0898062,11.1155282,250.58177574421666,-2.67,5.41,0.21,null
STON,2023-06-12 14:59:28.21,46.08980588833333,11.115529875,198.208,-1.559131,-96.633049,1.052772,2
SMAR,2023-06-12 14:59:28.246,46.0898062,11.1155282,250.58177574421666,-2.76,3.84,0.25,null
SMAR,2023-06-12 14:59:28.271,46.0898062,11.1155282,250.58177574421666,-2.81,2.77,0.26,null
SMAR,2023-06-12 14:59:28.304,46.0898062,11.1155282,250.58177574421666,-2.91,1.84,0.27,null
SMAR,2023-06-12 14:59:28.339,46.0898062,11.1155282,250.58177574421666,-2.92,0.94,0.29,null
SMAR,2023-06-12 14:59:28.389,46.0898062,11.1155282,250.58177574421666,-2.93,-0.27,0.29,null
SMAR,2023-06-12 14:59:28.43,46.0898068,11.1155294,250.5052435159453,-2.96,-1.69,0.32,null
SMAR,2023-06-12 14:59:28.454,46.0898068,11.1155294,250.5052435159453,-2.93,-3.01,0.31,null
STON,2023-06-12 14:59:28.454,46.089805823333336,11.11553,198.21,-1.559131,-96.633049,1.052772,2
SMAR,2023-06-12 14:59:28.464,46.0898068,11.1155294,250.5052435159453,-2.95,-4.21,0.31,null
STON,2023-06-12 14:59:28.464,46.089805823333336,11.11553,198.21,-1.857585,-105.152733,1.146716,2
SMAR,2023-06-12 14:59:28.524,46.0898068,11.1155294,250.5052435159453,-2.94,-5.3,0.3,null
SMAR,2023-06-12 14:59:28.537,46.0898068,11.1155294,250.5052435159453,-2.93,-6.45,0.3,null
STON,2023-06-12 14:59:28.537,46.08980577333333,11.115529983333333,198.212,-1.857585,-105.152733,1.146716,2
SMAR,2023-06-12 14:59:28.573,46.0898068,11.1155294,250.5052435159453,-2.94,-7.64,0.31,null
STON,2023-06-12 14:59:28.573,46.08980577333333,11.115529983333333,198.212,-1.838742,-112.494804,1.189202,2
SMAR,2023-06-12 14:59:28.614,46.0898068,11.1155294,250.5052435159453,-2.94,-8.94,0.3,null
SMAR,2023-06-12 14:59:28.65,46.0898068,11.1155294,250.5052435159453,-2.89,-10.34,0.31,null
SMAR,2023-06-12 14:59:28.673,46.0898068,11.1155294,250.5052435159453,-2.9,-11.95,0.33,null
SMAR,2023-06-12 14:59:28.71,46.0898068,11.1155294,250.5052435159453,-2.85,-13.7,0.35,null
STON,2023-06-12 14:59:28.71,46.08980573666667,11.115529921666667,198.211,-1.838742,-112.494804,1.189202,2
SMAR,2023-06-12 14:59:28.74,46.0898068,11.1155294,250.5052435159453,-2.81,-15.45,0.39,null
SMAR,2023-06-12 14:59:28.772,46.0898068,11.1155294,250.5052435159453,-2.79,-16.96,0.4,null
SMAR,2023-06-12 14:59:28.806,46.0898068,11.1155294,250.5052435159453,-2.78,-18.19,0.42,null
STON,2023-06-12 14:59:28.806,46.08980573666667,11.115529921666667,198.211,-1.680295,-121.255264,1.235182,2
SMAR,2023-06-12 14:59:28.839,46.0898068,11.1155294,250.5052435159453,-2.73,-19.24,0.41,null
SMAR,2023-06-12 14:59:28.874,46.0898068,11.1155294,250.5052435159453,-2.71,-20.26,0.43,null
SMAR,2023-06-12 14:59:28.906,46.0898068,11.1155294,250.5052435159453,-2.7,-21.36,0.44,null
SMAR,2023-06-12 14:59:28.939,46.0898068,11.1155294,250.5052435159453,-2.67,-22.62,0.46,null
STON,2023-06-12 14:59:28.939,46.08980572833333,11.115529871666666,198.207,-1.680295,-121.255264,1.235182,2
SMAR,2023-06-12 14:59:28.973,46.0898068,11.1155294,250.5052435159453,-2.64,-23.92,0.48,null
SMAR,2023-06-12 14:59:29.005,46.0898068,11.1155294,250.5052435159453,-2.63,-25.15,0.49,null
SMAR,2023-06-12 14:59:29.043,46.0898068,11.1155294,250.5052435159453,-2.62,-26.14,0.46,null
STON,2023-06-12 14:59:29.043,46.08980572833333,11.115529871666666,198.207,-1.479786,-128.546036,1.307279,2
SMAR,2023-06-12 14:59:29.073,46.0898068,11.1155294,250.5052435159453,-2.62,-27.08,0.45,null
SMAR,2023-06-12 14:59:29.115,46.0898068,11.1155294,250.5052435159453,-2.63,-27.96,0.45,null
SMAR,2023-06-12 14:59:29.151,46.0898068,11.1155294,250.5052435159453,-2.59,-28.81,0.41,null
STON,2023-06-12 14:59:29.151,46.08980570333333,11.115529823333333,198.207,-1.479786,-128.546036,1.307279,2
SMAR,2023-06-12 14:59:29.17,46.0898068,11.1155294,250.5052435159453,-2.59,-29.75,0.4,null
SMAR,2023-06-12 14:59:29.206,46.0898068,11.1155294,250.5052435159453,-2.6,-30.73,0.4,null
SMAR,2023-06-12 14:59:29.257,46.0898068,11.1155294,250.5052435159453,-2.58,-31.71,0.39,null
STON,2023-06-12 14:59:29.257,46.08980570333333,11.115529823333333,198.207,-1.342459,-134.952164,1.349634,2
SMAR,2023-06-12 14:59:29.287,46.0898068,11.1155294,250.5052435159453,-2.55,-32.51,0.38,null
SMAR,2023-06-12 14:59:29.307,46.0898068,11.1155294,250.5052435159453,-2.59,-33.12,0.35,null
SMAR,2023-06-12 14:59:29.338,46.0898068,11.1155294,250.5052435159453,-2.65,-33.58,0.29,null
SMAR,2023-06-12 14:59:29.377,46.0898068,11.1155294,250.5052435159453,-2.74,-34.22,0.27,null
SMAR,2023-06-12 14:59:29.406,46.0898076,11.1155306,250.44906975633995,-2.84,-35.21,0.26,null
STON,2023-06-12 14:59:29.406,46.089805676666664,11.11552978,198.21,-1.342459,-134.952164,1.349634,2
SMAR,2023-06-12 14:59:29.445,46.0898076,11.1155306,250.44906975633995,-2.94,-36.51,0.25,null
STON,2023-06-12 14:59:29.445,46.089805676666664,11.11552978,198.21,-1.325191,-139.913376,1.270826,2
SMAR,2023-06-12 14:59:29.474,46.0898076,11.1155306,250.44906975633995,-3.02,-37.93,0.23,null
SMAR,2023-06-12 14:59:29.517,46.0898076,11.1155306,250.44906975633995,-3.15,-39.27,0.19,null
SMAR,2023-06-12 14:59:29.539,46.0898076,11.1155306,250.44906975633995,-3.28,-40.45,0.12,null
SMAR,2023-06-12 14:59:29.577,46.0898076,11.1155306,250.44906975633995,-3.39,-41.54,0.07,null
SMAR,2023-06-12 14:59:29.607,46.0898076,11.1155306,250.44906975633995,-3.49,-42.51,0.01,null
SMAR,2023-06-12 14:59:29.64,46.0898076,11.1155306,250.44906975633995,-3.59,-43.42,-0.05,null
SMAR,2023-06-12 14:59:29.678,46.0898076,11.1155306,250.44906975633995,-3.69,-44.28,-0.08,null
SMAR,2023-06-12 14:59:29.708,46.0898076,11.1155306,250.44906975633995,-3.81,-45.22,-0.11,null
SMAR,2023-06-12 14:59:29.741,46.0898076,11.1155306,250.44906975633995,-3.89,-46.33,-0.14,null
SMAR,2023-06-12 14:59:29.775,46.0898076,11.1155306,250.44906975633995,-3.98,-47.81,-0.13,null
SMAR,2023-06-12 14:59:29.808,46.0898076,11.1155306,250.44906975633995,-4.04,-49.54,-0.11,null
STON,2023-06-12 14:59:29.808,46.089805483333336,11.115529798333334,198.208,-1.325191,-139.913376,1.270826,2
SMAR,2023-06-12 14:59:29.84,46.0898076,11.1155306,250.44906975633995,-4.12,-51.34,-0.08,null
SMAR,2023-06-12 14:59:29.873,46.0898076,11.1155306,250.44906975633995,-4.22,-53.03,-0.05,null
SMAR,2023-06-12 14:59:29.909,46.0898076,11.1155306,250.44906975633995,-4.25,-54.47,-0.04,null
STON,2023-06-12 14:59:29.909,46.089805483333336,11.115529798333334,198.208,-1.840356,-146.585709,1.098143,2
SMAR,2023-06-12 14:59:29.939,46.0898076,11.1155306,250.44906975633995,-4.32,-55.57,-0.03,null
SMAR,2023-06-12 14:59:29.975,46.0898076,11.1155306,250.44906975633995,-4.41,-56.46,-0.02,null
STON,2023-06-12 14:59:29.975,46.08980528,11.115529735,198.207,-1.840356,-146.585709,1.098143,2
SMAR,2023-06-12 14:59:30.014,46.0898076,11.1155306,250.44906975633995,-4.42,-57.31,-0.01,null
SMAR,2023-06-12 14:59:30.035,46.0898076,11.1155306,250.44906975633995,-4.48,-58.29,0.03,null
SMAR,2023-06-12 14:59:30.074,46.0898076,11.1155306,250.44906975633995,-4.53,-59.54,0.09,null
STON,2023-06-12 14:59:30.074,46.08980528,11.115529735,198.207,-2.402741,-152.476425,0.805716,2
SMAR,2023-06-12 14:59:30.106,46.0898076,11.1155306,250.44906975633995,-4.55,-61.12,0.18,null
SMAR,2023-06-12 14:59:30.144,46.0898076,11.1155306,250.44906975633995,-4.57,-62.99,0.31,null
STON,2023-06-12 14:59:30.144,46.08980514,11.115529626666667,198.207,-2.402741,-152.476425,0.805716,2
SMAR,2023-06-12 14:59:30.177,46.0898076,11.1155306,250.44906975633995,-4.57,-64.97,0.44,null
SMAR,2023-06-12 14:59:30.208,46.0898076,11.1155306,250.44906975633995,-4.55,-66.82,0.58,null
SMAR,2023-06-12 14:59:30.24,46.0898076,11.1155306,250.44906975633995,-4.49,-68.25,0.67,null
STON,2023-06-12 14:59:30.24,46.08980514,11.115529626666667,198.207,-2.772505,-161.698593,0.827977,2
STON,2023-06-12 14:59:30.24,46.089805068333334,11.115529625,198.209,-2.772505,-161.698593,0.827977,2
STON,2023-06-12 14:59:30.24,46.089805068333334,11.115529625,198.209,-2.988358,-168.789505,1.058723,2
SMAR,2023-06-12 14:59:30.275,46.0898076,11.1155306,250.44906975633995,-4.5,-69.26,0.76,null
SMAR,2023-06-12 14:59:30.323,46.0898076,11.1155306,250.44906975633995,-4.48,-70.08,0.83,null
SMAR,2023-06-12 14:59:30.339,46.0898076,11.1155306,250.44906975633995,-4.47,-70.86,0.91,null
SMAR,2023-06-12 14:59:30.373,46.0898066,11.1155302,250.50841908933145,-4.47,-71.82,1.01,null
SMAR,2023-06-12 14:59:30.407,46.0898066,11.1155302,250.50841908933145,-4.43,-72.94,1.1,null
STON,2023-06-12 14:59:30.407,46.08980509166667,11.115529683333333,198.207,-2.988358,-168.789505,1.058723,2
STON,2023-06-12 14:59:30.407,46.08980509166667,11.115529683333333,198.207,-2.888952,-176.974579,1.60865,2
SMAR,2023-06-12 14:59:30.444,46.0898066,11.1155302,250.50841908933145,-4.43,-74.34,1.21,null
SMAR,2023-06-12 14:59:30.473,46.0898066,11.1155302,250.50841908933145,-4.4,-75.99,1.35,null
SMAR,2023-06-12 14:59:30.51,46.0898066,11.1155302,250.50841908933145,-4.34,-77.8,1.49,null
SMAR,2023-06-12 14:59:30.541,46.0898066,11.1155302,250.50841908933145,-4.31,-79.71,1.66,null
STON,2023-06-12 14:59:30.541,46.08980508,11.11552977,198.204,-2.888952,-176.974579,1.60865,2
SMAR,2023-06-12 14:59:30.574,46.0898066,11.1155302,250.50841908933145,-4.26,-81.51,1.8,null
SMAR,2023-06-12 14:59:30.61,46.0898066,11.1155302,250.50841908933145,-4.17,-83.05,1.94,null
STON,2023-06-12 14:59:30.61,46.08980508,11.11552977,198.204,-2.724437,174.631973,2.249407,2
SMAR,2023-06-12 14:59:30.643,46.0898066,11.1155302,250.50841908933145,-4.13,-84.37,2.06,null
SMAR,2023-06-12 14:59:30.698,46.0898066,11.1155302,250.50841908933145,-4.06,-85.48,2.17,null
SMAR,2023-06-12 14:59:30.708,46.0898066,11.1155302,250.50841908933145,-4.0,-86.46,2.28,null
SMAR,2023-06-12 14:59:30.74,46.0898066,11.1155302,250.50841908933145,-3.91,-87.41,2.37,null
SMAR,2023-06-12 14:59:30.777,46.0898066,11.1155302,250.50841908933145,-3.8,-88.34,2.47,null
STON,2023-06-12 14:59:30.777,46.08980510166667,11.115529913333333,198.202,-2.724437,174.631973,2.249407,2
SMAR,2023-06-12 14:59:30.805,46.0898066,11.1155302,250.50841908933145,-3.69,-89.19,2.56,null
STON,2023-06-12 14:59:30.805,46.08980510166667,11.115529913333333,198.202,-2.357246,166.637558,2.909487,2
SMAR,2023-06-12 14:59:30.84,46.0898066,11.1155302,250.50841908933145,-3.6,-90.05,2.65,null
SMAR,2023-06-12 14:59:30.875,46.0898066,11.1155302,250.50841908933145,-3.49,-90.9,2.75,null
SMAR,2023-06-12 14:59:30.907,46.0898066,11.1155302,250.50841908933145,-3.41,-91.71,2.84,null
SMAR,2023-06-12 14:59:30.94,46.0898066,11.1155302,250.50841908933145,-3.32,-92.46,2.91,null
STON,2023-06-12 14:59:30.94,46.08980516166667,11.115530058333333,198.203,-2.357246,166.637558,2.909487,2
SMAR,2023-06-12 14:59:30.973,46.0898066,11.1155302,250.50841908933145,-3.24,-93.16,2.98,null
SMAR,2023-06-12 14:59:31.016,46.0898066,11.1155302,250.50841908933145,-3.18,-93.78,3.02,null
SMAR,2023-06-12 14:59:31.046,46.0898066,11.1155302,250.50841908933145,-3.15,-94.41,3.06,null
STON,2023-06-12 14:59:31.046,46.08980516166667,11.115530058333333,198.203,-1.79254,161.567703,3.438797,2
SMAR,2023-06-12 14:59:31.076,46.0898066,11.1155302,250.50841908933145,-3.12,-95.27,3.09,null
SMAR,2023-06-12 14:59:31.114,46.0898066,11.1155302,250.50841908933145,-3.07,-96.48,3.11,null
SMAR,2023-06-12 14:59:31.141,46.0898066,11.1155302,250.50841908933145,-3.03,-98.05,3.14,null
STON,2023-06-12 14:59:31.141,46.089805185,11.115530091666667,198.204,-1.79254,161.567703,3.438797,2
SMAR,2023-06-12 14:59:31.175,46.0898066,11.1155302,250.50841908933145,-2.97,-99.81,3.16,null
STON,2023-06-12 14:59:31.175,46.089805185,11.115530091666667,198.204,-1.492531,156.347031,3.658303,2
SMAR,2023-06-12 14:59:31.213,46.0898066,11.1155302,250.50841908933145,-2.89,-101.58,3.14,null
SMAR,2023-06-12 14:59:31.244,46.0898066,11.1155302,250.50841908933145,-2.88,-103.26,3.12,null
SMAR,2023-06-12 14:59:31.277,46.0898066,11.1155302,250.50841908933145,-2.86,-104.79,3.08,null
SMAR,2023-06-12 14:59:31.313,46.0898066,11.1155302,250.50841908933145,-2.82,-106.22,3.03,null
SMAR,2023-06-12 14:59:31.341,46.0898066,11.1155302,250.50841908933145,-2.85,-107.49,2.97,null
SMAR,2023-06-12 14:59:31.384,46.0898062,11.1155301,250.50633123370974,-2.89,-108.86,2.91,null
SMAR,2023-06-12 14:59:31.409,46.0898062,11.1155301,250.50633123370974,-2.91,-110.37,2.86,null
STON,2023-06-12 14:59:31.409,46.089805165,11.115529861666667,198.207,-1.492531,156.347031,3.658303,2
STON,2023-06-12 14:59:31.409,46.089805165,11.115529861666667,198.207,-1.337494,146.94043,3.438131,2
SMAR,2023-06-12 14:59:31.445,46.0898062,11.1155301,250.50633123370974,-2.86,-112.05,2.81,null
SMAR,2023-06-12 14:59:31.474,46.0898062,11.1155301,250.50633123370974,-2.86,-113.64,2.76,null
SMAR,2023-06-12 14:59:31.511,46.0898062,11.1155301,250.50633123370974,-2.82,-114.97,2.71,null
SMAR,2023-06-12 14:59:31.543,46.0898062,11.1155301,250.50633123370974,-2.88,-115.98,2.63,null
STON,2023-06-12 14:59:31.543,46.08980517166667,11.115529553333333,198.206,-1.337494,146.94043,3.438131,2
SMAR,2023-06-12 14:59:31.574,46.0898062,11.1155301,250.50633123370974,-2.93,-116.95,2.55,null
SMAR,2023-06-12 14:59:31.612,46.0898062,11.1155301,250.50633123370974,-2.92,-118.17,2.48,null
STON,2023-06-12 14:59:31.612,46.08980517166667,11.115529553333333,198.206,-1.429252,138.511703,3.005608,2
SMAR,2023-06-12 14:59:31.646,46.0898062,11.1155301,250.50633123370974,-2.88,-119.73,2.42,null
SMAR,2023-06-12 14:59:31.675,46.0898062,11.1155301,250.50633123370974,-2.83,-121.49,2.37,null
SMAR,2023-06-12 14:59:31.71,46.0898062,11.1155301,250.50633123370974,-2.77,-123.15,2.33,null
SMAR,2023-06-12 14:59:31.742,46.0898062,11.1155301,250.50633123370974,-2.67,-124.41,2.26,null
STON,2023-06-12 14:59:31.742,46.089805268333336,11.115529318333333,198.21,-1.429252,138.511703,3.005608,2
SMAR,2023-06-12 14:59:31.774,46.0898062,11.1155301,250.50633123370974,-2.69,-125.3,2.16,null
SMAR,2023-06-12 14:59:31.81,46.0898062,11.1155301,250.50633123370974,-2.7,-126.08,2.06,null
SMAR,2023-06-12 14:59:31.842,46.0898062,11.1155301,250.50633123370974,-2.66,-127.21,1.95,null
SMAR,2023-06-12 14:59:31.875,46.0898062,11.1155301,250.50633123370974,-2.62,-128.82,1.88,null
SMAR,2023-06-12 14:59:31.909,46.0898062,11.1155301,250.50633123370974,-2.53,-130.83,1.82,null
SMAR,2023-06-12 14:59:31.942,46.0898062,11.1155301,250.50633123370974,-2.47,-132.93,1.77,null
SMAR,2023-06-12 14:59:31.981,46.0898062,11.1155301,250.50633123370974,-2.43,-134.83,1.74,null
STON,2023-06-12 14:59:31.981,46.089805436666666,11.115529135,198.212,-1.429252,138.511703,3.005608,2
SMAR,2023-06-12 14:59:32.014,46.0898062,11.1155301,250.50633123370974,-2.38,-136.39,1.68,null
STON,2023-06-12 14:59:32.014,46.089805436666666,11.115529135,198.212,-1.130874,122.199142,2.020949,2
SMAR,2023-06-12 14:59:32.04,46.0898062,11.1155301,250.50633123370974,-2.38,-137.85,1.63,null
SMAR,2023-06-12 14:59:32.074,46.0898062,11.1155301,250.50633123370974,-2.37,-139.4,1.59,null
SMAR,2023-06-12 14:59:32.108,46.0898062,11.1155301,250.50633123370974,-2.31,-141.14,1.55,null
STON,2023-06-12 14:59:32.108,46.08980554666667,11.115529016666667,198.213,-1.130874,122.199142,2.020949,2
SMAR,2023-06-12 14:59:32.142,46.0898062,11.1155301,250.50633123370974,-2.29,-143.07,1.55,null
SMAR,2023-06-12 14:59:32.173,46.0898062,11.1155301,250.50633123370974,-2.27,-144.98,1.57,null
STON,2023-06-12 14:59:32.173,46.08980554666667,11.115529016666667,198.213,-1.004593,112.117775,1.747643,2
SMAR,2023-06-12 14:59:32.22,46.0898062,11.1155301,250.50633123370974,-2.19,-146.66,1.57,null
SMAR,2023-06-12 14:59:32.234,46.0898062,11.1155301,250.50633123370974,-2.15,-148.06,1.58,null
SMAR,2023-06-12 14:59:32.273,46.0898062,11.1155301,250.50633123370974,-2.1,-149.16,1.59,null
SMAR,2023-06-12 14:59:32.308,46.0898062,11.1155301,250.50633123370974,-2.03,-150.08,1.58,null
SMAR,2023-06-12 14:59:32.341,46.0898062,11.1155301,250.50633123370974,-1.99,-150.96,1.56,null
SMAR,2023-06-12 14:59:32.375,46.0898062,11.11553,250.60446100535765,-1.95,-151.97,1.55,null
SMAR,2023-06-12 14:59:32.408,46.0898062,11.11553,250.60446100535765,-1.9,-153.15,1.51,null
SMAR,2023-06-12 14:59:32.442,46.0898062,11.11553,250.60446100535765,-1.84,-154.42,1.47,null
STON,2023-06-12 14:59:32.442,46.08980557333334,11.11552899,198.212,-1.004593,112.117775,1.747643,2
SMAR,2023-06-12 14:59:32.476,46.0898062,11.11553,250.60446100535765,-1.77,-155.6,1.44,null
STON,2023-06-12 14:59:32.476,46.08980557333334,11.11552899,198.212,-0.794078,103.962936,1.76376,2
SMAR,2023-06-12 14:59:32.507,46.0898062,11.11553,250.60446100535765,-1.69,-156.47,1.4,null
STON,2023-06-12 14:59:32.507,46.089805668333334,11.115529045,198.212,-0.794078,103.962936,1.76376,2
SMAR,2023-06-12 14:59:32.543,46.0898062,11.11553,250.60446100535765,-1.68,-157.09,1.36,null
SMAR,2023-06-12 14:59:32.575,46.0898062,11.11553,250.60446100535765,-1.65,-157.63,1.32,null
SMAR,2023-06-12 14:59:32.611,46.0898062,11.11553,250.60446100535765,-1.64,-158.14,1.29,null
STON,2023-06-12 14:59:32.611,46.089805668333334,11.115529045,198.212,-0.527499,97.804451,1.544767,2
SMAR,2023-06-12 14:59:32.646,46.0898062,11.11553,250.60446100535765,-1.68,-158.85,1.26,null
SMAR,2023-06-12 14:59:32.67,46.0898062,11.11553,250.60446100535765,-1.7,-159.84,1.24,null
SMAR,2023-06-12 14:59:32.71,46.0898062,11.11553,250.60446100535765,-1.71,-161.05,1.23,null
SMAR,2023-06-12 14:59:32.744,46.0898062,11.11553,250.60446100535765,-1.75,-162.28,1.21,null
SMAR,2023-06-12 14:59:32.776,46.0898062,11.11553,250.60446100535765,-1.78,-163.37,1.19,null
STON,2023-06-12 14:59:32.776,46.089805723333335,11.115528975,198.213,-0.527499,97.804451,1.544767,2
SMAR,2023-06-12 14:59:32.807,46.0898062,11.11553,250.60446100535765,-1.82,-164.25,1.15,null
STON,2023-06-12 14:59:32.807,46.089805723333335,11.115528975,198.213,-0.601259,92.920158,1.382416,2
SMAR,2023-06-12 14:59:32.845,46.0898062,11.11553,250.60446100535765,-1.89,-165.03,1.11,null
SMAR,2023-06-12 14:59:32.876,46.0898062,11.11553,250.60446100535765,-1.94,-165.75,1.07,null
SMAR,2023-06-12 14:59:32.912,46.0898062,11.11553,250.60446100535765,-1.99,-166.43,1.01,null
SMAR,2023-06-12 14:59:32.942,46.0898062,11.11553,250.60446100535765,-2.07,-167.25,0.96,null
STON,2023-06-12 14:59:32.942,46.08980580666667,11.115528825,198.215,-0.601259,92.920158,1.382416,2
SMAR,2023-06-12 14:59:32.974,46.0898062,11.11553,250.60446100535765,-2.12,-168.3,0.92,null
SMAR,2023-06-12 14:59:33.008,46.0898062,11.11553,250.60446100535765,-2.15,-169.44,0.88,null
STON,2023-06-12 14:59:33.008,46.08980580666667,11.115528825,198.215,-0.94334,87.895035,1.143191,2
SMAR,2023-06-12 14:59:33.042,46.0898062,11.11553,250.60446100535765,-2.2,-170.56,0.83,null
SMAR,2023-06-12 14:59:33.074,46.0898062,11.11553,250.60446100535765,-2.27,-171.58,0.76,null
SMAR,2023-06-12 14:59:33.109,46.0898062,11.11553,250.60446100535765,-2.35,-172.62,0.7,null
SMAR,2023-06-12 14:59:33.142,46.0898062,11.11553,250.60446100535765,-2.45,-173.96,0.63,null
STON,2023-06-12 14:59:33.142,46.08980596666667,11.115528651666667,198.218,-0.94334,87.895035,1.143191,2
SMAR,2023-06-12 14:59:33.166,46.0898062,11.11553,250.60446100535765,-2.5,-175.54,0.58,null
SMAR,2023-06-12 14:59:33.209,46.0898062,11.11553,250.60446100535765,-2.57,-177.09,0.52,null
STON,2023-06-12 14:59:33.209,46.08980596666667,11.115528651666667,198.218,-1.337967,81.445404,0.792208,2
SMAR,2023-06-12 14:59:33.241,46.0898062,11.11553,250.60446100535765,-2.68,-178.58,0.46,null
SMAR,2023-06-12 14:59:33.276,46.0898062,11.11553,250.60446100535765,-2.76,-179.87,0.39,null
SMAR,2023-06-12 14:59:33.31,46.0898062,11.11553,250.60446100535765,-2.86,178.98,0.32,null
SMAR,2023-06-12 14:59:33.343,46.0898062,11.11553,250.60446100535765,-2.94,177.96,0.27,null
SMAR,2023-06-12 14:59:33.376,46.0898073,11.1155328,250.65665815652108,-3.01,177.14,0.2,null
SMAR,2023-06-12 14:59:33.411,46.0898073,11.1155328,250.65665815652108,-3.09,176.33,0.13,null
SMAR,2023-06-12 14:59:33.442,46.0898073,11.1155328,250.65665815652108,-3.15,175.31,0.08,null
STON,2023-06-12 14:59:33.442,46.08980616833333,11.115528491666666,198.215,-1.337967,81.445404,0.792208,2
STON,2023-06-12 14:59:33.442,46.08980616833333,11.115528491666666,198.215,-1.871615,73.337433,0.397156,2
SMAR,2023-06-12 14:59:33.475,46.0898073,11.1155328,250.65665815652108,-3.17,174.1,0.04,null
SMAR,2023-06-12 14:59:33.509,46.0898073,11.1155328,250.65665815652108,-3.2,172.91,0.02,null
STON,2023-06-12 14:59:33.509,46.08980633,11.115528456666667,198.22,-1.871615,73.337433,0.397156,2
SMAR,2023-06-12 14:59:33.549,46.0898073,11.1155328,250.65665815652108,-3.21,171.87,0.0,null
SMAR,2023-06-12 14:59:33.569,46.0898073,11.1155328,250.65665815652108,-3.23,171.11,-0.02,null
SMAR,2023-06-12 14:59:33.61,46.0898073,11.1155328,250.65665815652108,-3.25,170.47,-0.04,null
SMAR,2023-06-12 14:59:33.642,46.0898073,11.1155328,250.65665815652108,-3.26,169.7,-0.03,null
SMAR,2023-06-12 14:59:33.676,46.0898073,11.1155328,250.65665815652108,-3.27,168.7,-0.02,null
STON,2023-06-12 14:59:33.676,46.08980633,11.115528456666667,198.22,-2.18176,67.305664,0.111609,2
SMAR,2023-06-12 14:59:33.704,46.0898073,11.1155328,250.65665815652108,-3.27,167.48,-0.01,null
SMAR,2023-06-12 14:59:33.741,46.0898073,11.1155328,250.65665815652108,-3.28,166.17,0.03,null
STON,2023-06-12 14:59:33.741,46.08980637333333,11.115528448333333,198.216,-2.18176,67.305664,0.111609,2
SMAR,2023-06-12 14:59:33.765,46.0898073,11.1155328,250.65665815652108,-3.32,164.98,0.08,null
SMAR,2023-06-12 14:59:33.812,46.0898073,11.1155328,250.65665815652108,-3.33,163.99,0.11,null
STON,2023-06-12 14:59:33.812,46.08980637333333,11.115528448333333,198.216,-2.295664,61.785141,0.159141,2
SMAR,2023-06-12 14:59:33.842,46.0898073,11.1155328,250.65665815652108,-3.38,163.16,0.15,null
SMAR,2023-06-12 14:59:33.876,46.0898073,11.1155328,250.65665815652108,-3.43,162.35,0.19,null
SMAR,2023-06-12 14:59:33.909,46.0898073,11.1155328,250.65665815652108,-3.45,161.38,0.23,null
SMAR,2023-06-12 14:59:33.942,46.0898073,11.1155328,250.65665815652108,-3.48,160.08,0.3,null
SMAR,2023-06-12 14:59:33.981,46.0898073,11.1155328,250.65665815652108,-3.52,158.53,0.38,null
STON,2023-06-12 14:59:33.981,46.089806405,11.115528385,198.216,-2.295664,61.785141,0.159141,2
SMAR,2023-06-12 14:59:34.014,46.0898073,11.1155328,250.65665815652108,-3.52,156.94,0.47,null
SMAR,2023-06-12 14:59:34.036,46.0898073,11.1155328,250.65665815652108,-3.55,155.53,0.55,null
STON,2023-06-12 14:59:34.036,46.089806405,11.115528385,198.216,-2.541968,55.762165,0.433474,2
SMAR,2023-06-12 14:59:34.075,46.0898073,11.1155328,250.65665815652108,-3.6,154.44,0.61,null
SMAR,2023-06-12 14:59:34.11,46.0898073,11.1155328,250.65665815652108,-3.62,153.48,0.64,null
SMAR,2023-06-12 14:59:34.142,46.0898073,11.1155328,250.65665815652108,-3.66,152.38,0.69,null
STON,2023-06-12 14:59:34.142,46.08980643666667,11.115528318333334,198.215,-2.541968,55.762165,0.433474,2
SMAR,2023-06-12 14:59:34.175,46.0898073,11.1155328,250.65665815652108,-3.68,150.98,0.76,null
SMAR,2023-06-12 14:59:34.21,46.0898073,11.1155328,250.65665815652108,-3.65,149.35,0.84,null
STON,2023-06-12 14:59:34.21,46.08980643666667,11.115528318333334,198.215,-2.78334,48.06155,0.855467,2
SMAR,2023-06-12 14:59:34.242,46.0898073,11.1155328,250.65665815652108,-3.64,147.58,0.91,null
SMAR,2023-06-12 14:59:34.276,46.0898073,11.1155328,250.65665815652108,-3.62,145.95,0.98,null
SMAR,2023-06-12 14:59:34.314,46.0898073,11.1155328,250.65665815652108,-3.59,144.62,1.01,null
SMAR,2023-06-12 14:59:34.344,46.0898073,11.1155328,250.65665815652108,-3.58,143.53,1.05,null
SMAR,2023-06-12 14:59:34.376,46.089808,11.1155331,250.64085412205017,-3.57,142.58,1.08,null
SMAR,2023-06-12 14:59:34.412,46.089808,11.1155331,250.64085412205017,-3.55,141.64,1.1,null
STON,2023-06-12 14:59:34.412,46.089806465,11.115528298333333,198.216,-2.78334,48.06155,0.855467,2
SMAR,2023-06-12 14:59:34.452,46.089808,11.1155331,250.64085412205017,-3.55,140.62,1.14,null
STON,2023-06-12 14:59:34.452,46.089806465,11.115528298333333,198.216,-2.778838,39.277843,1.258313,2
SMAR,2023-06-12 14:59:34.473,46.089808,11.1155331,250.64085412205017,-3.54,139.54,1.17,null
SMAR,2023-06-12 14:59:34.509,46.089808,11.1155331,250.64085412205017,-3.51,138.54,1.22,null
SMAR,2023-06-12 14:59:34.544,46.089808,11.1155331,250.64085412205017,-3.52,137.61,1.25,null
STON,2023-06-12 14:59:34.544,46.089806485,11.115528295,198.217,-2.778838,39.277843,1.258313,2
SMAR,2023-06-12 14:59:34.576,46.089808,11.1155331,250.64085412205017,-3.51,136.73,1.29,null
SMAR,2023-06-12 14:59:34.61,46.089808,11.1155331,250.64085412205017,-3.51,135.83,1.33,null
STON,2023-06-12 14:59:34.61,46.089806485,11.115528295,198.217,-2.739339,33.362423,1.478202,2
SMAR,2023-06-12 14:59:34.631,46.089808,11.1155331,250.64085412205017,-3.54,134.77,1.37,null
SMAR,2023-06-12 14:59:34.677,46.089808,11.1155331,250.64085412205017,-3.56,133.58,1.42,null
SMAR,2023-06-12 14:59:34.71,46.089808,11.1155331,250.64085412205017,-3.57,132.51,1.45,null
STON,2023-06-12 14:59:34.71,46.08980655,11.115528265,198.219,-2.739339,33.362423,1.478202,2
SMAR,2023-06-12 14:59:34.748,46.089808,11.1155331,250.64085412205017,-3.62,131.62,1.49,null
SMAR,2023-06-12 14:59:34.771,46.089808,11.1155331,250.64085412205017,-3.71,130.87,1.52,null
SMAR,2023-06-12 14:59:34.812,46.089808,11.1155331,250.64085412205017,-3.77,130.31,1.52,null
SMAR,2023-06-12 14:59:34.844,46.089808,11.1155331,250.64085412205017,-3.88,129.58,1.54,null
SMAR,2023-06-12 14:59:34.878,46.089808,11.1155331,250.64085412205017,-3.96,128.54,1.57,null
SMAR,2023-06-12 14:59:34.91,46.089808,11.1155331,250.64085412205017,-3.98,127.36,1.58,null
SMAR,2023-06-12 14:59:34.944,46.089808,11.1155331,250.64085412205017,-4.08,126.09,1.62,null
SMAR,2023-06-12 14:59:34.979,46.089808,11.1155331,250.64085412205017,-4.13,125.07,1.65,null
SMAR,2023-06-12 14:59:35.011,46.089808,11.1155331,250.64085412205017,-4.18,124.43,1.64,null
SMAR,2023-06-12 14:59:35.044,46.089808,11.1155331,250.64085412205017,-4.28,123.98,1.67,null
SMAR,2023-06-12 14:59:35.077,46.089808,11.1155331,250.64085412205017,-4.36,123.56,1.68,null
SMAR,2023-06-12 14:59:35.111,46.089808,11.1155331,250.64085412205017,-4.46,122.89,1.71,null
SMAR,2023-06-12 14:59:35.144,46.089808,11.1155331,250.64085412205017,-4.48,121.86,1.77,null
SMAR,2023-06-12 14:59:35.177,46.089808,11.1155331,250.64085412205017,-4.48,120.65,1.84,null
SMAR,2023-06-12 14:59:35.212,46.089808,11.1155331,250.64085412205017,-4.48,119.52,1.91,null
SMAR,2023-06-12 14:59:35.244,46.089808,11.1155331,250.64085412205017,-4.49,118.56,1.97,null
STON,2023-06-12 14:59:35.244,46.089806706666664,11.11552823,198.213,-2.739339,33.362423,1.478202,2
SMAR,2023-06-12 14:59:35.265,46.089808,11.1155331,250.64085412205017,-4.49,117.84,2.02,null
SMAR,2023-06-12 14:59:35.31,46.089808,11.1155331,250.64085412205017,-4.5,117.22,2.05,null
STON,2023-06-12 14:59:35.31,46.089806706666664,11.11552823,198.213,-3.329239,21.971605,1.913967,2
STON,2023-06-12 14:59:35.31,46.08980686333334,11.115528223333333,198.212,-3.329239,21.971605,1.913967,2
SMAR,2023-06-12 14:59:35.343,46.089808,11.1155331,250.64085412205017,-4.5,116.35,2.1,null
STON,2023-06-12 14:59:35.343,46.08980686333334,11.115528223333333,198.212,-3.733273,17.641897,2.099365,2
SMAR,2023-06-12 14:59:35.377,46.089809,11.1155343,250.62206304552606,-4.44,115.19,2.16,null
SMAR,2023-06-12 14:59:35.411,46.089809,11.1155343,250.62206304552606,-4.41,113.86,2.19,null
STON,2023-06-12 14:59:35.411,46.089806885,11.115528216666666,198.208,-3.733273,17.641897,2.099365,2
SMAR,2023-06-12 14:59:35.444,46.089809,11.1155343,250.62206304552606,-4.36,112.49,2.27,null
SMAR,2023-06-12 14:59:35.478,46.089809,11.1155343,250.62206304552606,-4.31,111.44,2.28,null
STON,2023-06-12 14:59:35.478,46.089806885,11.115528216666666,198.208,-3.756478,12.12108,2.460104,2
SMAR,2023-06-12 14:59:35.511,46.089809,11.1155343,250.62206304552606,-4.32,110.73,2.27,null
SMAR,2023-06-12 14:59:35.54,46.089809,11.1155343,250.62206304552606,-4.3,110.29,2.23,null
STON,2023-06-12 14:59:35.54,46.08980689166667,11.115528311666667,198.21,-3.756478,12.12108,2.460104,2
SMAR,2023-06-12 14:59:35.578,46.089809,11.1155343,250.62206304552606,-4.3,109.95,2.17,null
SMAR,2023-06-12 14:59:35.6,46.089809,11.1155343,250.62206304552606,-4.35,109.51,2.14,null
SMAR,2023-06-12 14:59:35.645,46.089809,11.1155343,250.62206304552606,-4.35,108.94,2.11,null
SMAR,2023-06-12 14:59:35.678,46.089809,11.1155343,250.62206304552606,-4.36,108.39,2.09,null
STON,2023-06-12 14:59:35.678,46.08980689166667,11.115528311666667,198.21,-3.542139,5.936441,2.684682,2
SMAR,2023-06-12 14:59:35.71,46.089809,11.1155343,250.62206304552606,-4.42,108.0,2.06,null
SMAR,2023-06-12 14:59:35.745,46.089809,11.1155343,250.62206304552606,-4.46,107.72,2.03,null
STON,2023-06-12 14:59:35.745,46.089806978333336,11.115528453333333,198.206,-3.542139,5.936441,2.684682,2
SMAR,2023-06-12 14:59:35.779,46.089809,11.1155343,250.62206304552606,-4.51,107.49,2.0,null
SMAR,2023-06-12 14:59:35.812,46.089809,11.1155343,250.62206304552606,-4.58,107.16,2.01,null
SMAR,2023-06-12 14:59:35.845,46.089809,11.1155343,250.62206304552606,-4.61,106.69,2.01,null
SMAR,2023-06-12 14:59:35.882,46.089809,11.1155343,250.62206304552606,-4.64,106.16,2.03,null
STON,2023-06-12 14:59:35.882,46.089806978333336,11.115528453333333,198.206,-3.651757,3.301208,2.515401,2
SMAR,2023-06-12 14:59:35.911,46.089809,11.1155343,250.62206304552606,-4.68,105.78,2.06,null
SMAR,2023-06-12 14:59:35.945,46.089809,11.1155343,250.62206304552606,-4.73,105.59,2.07,null
STON,2023-06-12 14:59:35.945,46.08980708833333,11.115528508333334,198.208,-3.651757,3.301208,2.515401,2
SMAR,2023-06-12 14:59:35.97,46.089809,11.1155343,250.62206304552606,-4.79,105.57,2.08,null
STON,2023-06-12 14:59:35.97,46.08980708833333,11.115528508333334,198.208,-3.915295,1.145343,2.542929,2
SMAR,2023-06-12 14:59:36.025,46.089809,11.1155343,250.62206304552606,-4.87,105.57,2.09,null
SMAR,2023-06-12 14:59:36.041,46.089809,11.1155343,250.62206304552606,-4.93,105.49,2.11,null
SMAR,2023-06-12 14:59:36.079,46.089809,11.1155343,250.62206304552606,-4.99,105.32,2.14,null
SMAR,2023-06-12 14:59:36.112,46.089809,11.1155343,250.62206304552606,-5.04,105.08,2.2,null
SMAR,2023-06-12 14:59:36.146,46.089809,11.1155343,250.62206304552606,-5.09,104.91,2.24,null
STON,2023-06-12 14:59:36.146,46.08980719666667,11.115528471666666,198.206,-3.915295,1.145343,2.542929,2
SMAR,2023-06-12 14:59:36.178,46.089809,11.1155343,250.62206304552606,-5.16,104.84,2.28,null
SMAR,2023-06-12 14:59:36.212,46.089809,11.1155343,250.62206304552606,-5.21,104.85,2.35,null
SMAR,2023-06-12 14:59:36.246,46.089809,11.1155343,250.62206304552606,-5.27,104.91,2.38,null
SMAR,2023-06-12 14:59:36.279,46.089809,11.1155343,250.62206304552606,-5.32,104.98,2.45,null
SMAR,2023-06-12 14:59:36.312,46.089809,11.1155343,250.62206304552606,-5.36,104.99,2.51,null
