Android_time,Stonex_gnss_time,ARCore_yaw,Stonex_yaw,Delta_yaw_AR_Ston,Stonex_status
2023-05-03 15:09:35.136,2023-05-03 15:09:35.4,25.58,77.736923,-52.15692307629395,2
2023-05-03 15:09:35.175,2023-05-03 15:09:35.4,25.58,77.736923,-52.15692307629395,2
2023-05-03 15:09:35.191,2023-05-03 15:09:35.4,25.45,77.549126,-52.09912523706055,2
2023-05-03 15:09:35.218,2023-05-03 15:09:35.4,25.29,77.549126,-52.25912508447266,2
2023-05-03 15:09:35.26,2023-05-03 15:09:35.4,25.22,77.549126,-52.32912668664551,2
2023-05-03 15:09:35.292,2023-05-03 15:09:35.6,25.26,77.549126,-52.289125771118165,2
2023-05-03 15:09:35.325,2023-05-03 15:09:35.6,25.33,77.549126,-52.219126076293946,2
2023-05-03 15:09:35.354,2023-05-03 15:09:35.6,25.39,77.341629,-51.95162961035156,2
2023-05-03 15:09:35.39,2023-05-03 15:09:35.6,25.45,77.341629,-51.891628237060544,2
2023-05-03 15:09:35.424,2023-05-03 15:09:35.6,25.48,77.341629,-51.86162945776367,2
2023-05-03 15:09:35.455,2023-05-03 15:09:35.8,25.47,77.341629,-51.871629686645505,2
2023-05-03 15:09:35.492,2023-05-03 15:09:35.8,25.44,77.341629,-51.90162846594238,2
2023-05-03 15:09:35.524,2023-05-03 15:09:35.8,25.43,77.341629,-51.911628694824216,2
2023-05-03 15:09:35.556,2023-05-03 15:09:35.8,25.38,77.573944,-52.193944839233396,2
2023-05-03 15:09:35.591,2023-05-03 15:09:35.8,25.35,77.573944,-52.22394361853027,2
2023-05-03 15:09:35.628,2023-05-03 15:09:35.8,25.25,77.573944,-52.323944,2
2023-05-03 15:09:35.656,2023-05-03 15:09:35.8,25.18,77.573944,-52.393943694824216,2
2023-05-03 15:09:35.691,2023-05-03 15:09:35.8,24.97,77.573944,-52.603944686645505,2
2023-05-03 15:09:35.726,2023-05-03 15:09:35.8,24.64,77.573944,-52.93394461035156,2
2023-05-03 15:09:35.763,2023-05-03 15:09:36.0,24.23,77.573944,-53.34394445776367,2
2023-05-03 15:09:35.79,2023-05-03 15:09:36.0,23.7,77.403252,-53.70325123706054,2
2023-05-03 15:09:35.826,2023-05-03 15:09:36.0,23.1,77.403252,-54.30325161853027,2
2023-05-03 15:09:35.86,2023-05-03 15:09:36.2,22.37,77.403252,-55.033251160766596,2
2023-05-03 15:09:35.891,2023-05-03 15:09:36.2,21.6,77.403252,-55.80325161853027,2
2023-05-03 15:09:35.93,2023-05-03 15:09:36.2,20.79,77.403252,-56.61325108447265,2
2023-05-03 15:09:35.958,2023-05-03 15:09:36.2,19.99,77.403252,-57.41325222888183,2
2023-05-03 15:09:35.992,2023-05-03 15:09:36.2,19.29,77.403252,-58.11325108447265,2
2023-05-03 15:09:36.025,2023-05-03 15:09:36.2,18.79,77.403252,-58.61325108447265,2
2023-05-03 15:09:36.064,2023-05-03 15:09:36.2,18.58,77.403252,-58.82325207629394,2
2023-05-03 15:09:36.091,2023-05-03 15:09:36.4,18.56,77.403252,-58.84325253405761,2
2023-05-03 15:09:36.122,2023-05-03 15:09:36.4,18.59,77.403252,-58.813251847412104,2
2023-05-03 15:09:36.156,2023-05-03 15:09:36.4,18.7,77.403252,-58.70325123706054,2
2023-05-03 15:09:36.19,2023-05-03 15:09:36.4,19.19,77.403252,-58.21325146594238,2
2023-05-03 15:09:36.223,2023-05-03 15:09:36.4,20.08,77.403252,-57.32325207629394,2
2023-05-03 15:09:36.257,2023-05-03 15:09:36.4,21.46,77.403252,-55.94325291552734,2
2023-05-03 15:09:36.29,2023-05-03 15:09:36.4,23.23,77.403252,-54.17325245776367,2
2023-05-03 15:09:36.323,2023-05-03 15:09:36.4,25.54,77.403252,-51.86325108447265,2
2023-05-03 15:09:36.355,2023-05-03 15:09:36.4,28.41,77.403252,-48.993252152587885,2
2023-05-03 15:09:36.392,2023-05-03 15:09:36.4,31.95,77.403252,-45.45325123706054,2
2023-05-03 15:09:36.426,2023-05-03 15:09:36.4,36.55,77.403252,-40.85325276293945,2
2023-05-03 15:09:36.46,2023-05-03 15:09:36.4,42.11,77.403252,-35.29325138964843,2
2023-05-03 15:09:36.495,2023-05-03 15:09:36.4,48.34,77.403252,-29.063251847412104,2
2023-05-03 15:09:36.526,2023-05-03 15:09:36.4,54.63,77.403252,-22.77325093188476,2
2023-05-03 15:09:36.558,2023-05-03 15:09:36.4,60.7,77.403252,-16.70325123706054,2
2023-05-03 15:09:36.591,2023-05-03 15:09:36.4,66.64,71.103325,-4.463325610351561,2
2023-05-03 15:09:36.624,2023-05-03 15:09:36.4,72.16,71.103325,1.0566786621093769,2
2023-05-03 15:09:36.657,2023-05-03 15:09:36.4,77.54,71.103325,6.436675915527346,2
2023-05-03 15:09:36.697,2023-05-03 15:09:36.8,82.81,87.971359,-5.161361441406257,2
2023-05-03 15:09:36.723,2023-05-03 15:09:36.8,87.82,87.971359,-0.151359305175788,2
2023-05-03 15:09:36.756,2023-05-03 15:09:37.0,92.42,123.389381,-30.969382831054688,2
2023-05-03 15:09:36.79,2023-05-03 15:09:37.0,96.35,123.389381,-27.039382525878906,2
2023-05-03 15:09:36.824,2023-05-03 15:09:37.0,99.01,123.389381,-24.37937886376953,2
2023-05-03 15:09:36.857,2023-05-03 15:09:37.0,100.68,123.389381,-22.70938069482422,2
2023-05-03 15:09:36.889,2023-05-03 15:09:37.2,101.58,123.389381,-21.809379168945313,2
2023-05-03 15:09:36.925,2023-05-03 15:09:37.2,101.93,123.389381,-21.45938069482422,2
2023-05-03 15:09:36.958,2023-05-03 15:09:37.2,102.14,150.573975,-48.43397561035155,2
2023-05-03 15:09:36.992,2023-05-03 15:09:37.2,102.26,150.573975,-48.31397286376952,2
2023-05-03 15:09:37.027,2023-05-03 15:09:37.2,102.42,150.573975,-48.15397683105468,2
2023-05-03 15:09:37.061,2023-05-03 15:09:37.4,102.74,150.573975,-47.83397713623046,2
2023-05-03 15:09:37.092,2023-05-03 15:09:37.4,103.15,150.573975,-47.423973474121084,2
2023-05-03 15:09:37.127,2023-05-03 15:09:37.4,103.49,150.573975,-47.08397713623046,2
2023-05-03 15:09:37.16,2023-05-03 15:09:37.4,103.48,150.573975,-47.093971643066396,2
2023-05-03 15:09:37.195,2023-05-03 15:09:37.4,103.28,150.573975,-47.293976220703115,2
2023-05-03 15:09:37.229,2023-05-03 15:09:37.4,102.88,150.573975,-47.69397774658202,2
2023-05-03 15:09:37.26,2023-05-03 15:09:37.4,102.43,150.573975,-48.14397469482421,2
2023-05-03 15:09:37.295,2023-05-03 15:09:37.6,101.76,150.573975,-48.81397286376952,2
2023-05-03 15:09:37.327,2023-05-03 15:09:37.6,100.87,150.573975,-49.70397225341796,2
2023-05-03 15:09:37.363,2023-05-03 15:09:37.6,99.66,154.977798,-55.31779433789063,2
2023-05-03 15:09:37.396,2023-05-03 15:09:37.6,98.23,154.977798,-56.74779464306641,2
2023-05-03 15:09:37.428,2023-05-03 15:09:37.6,96.48,154.977798,-58.49779464306641,2
2023-05-03 15:09:37.46,2023-05-03 15:09:37.8,94.38,154.977798,-60.59780074658204,2
2023-05-03 15:09:37.493,2023-05-03 15:09:37.8,91.83,154.977798,-63.14779616894532,2
2023-05-03 15:09:37.525,2023-05-03 15:09:37.8,89.11,154.977798,-65.86779738964844,2
2023-05-03 15:09:37.563,2023-05-03 15:09:37.8,86.49,154.977798,-68.48780013623048,2
2023-05-03 15:09:37.592,2023-05-03 15:09:37.8,84.65,148.972733,-64.3227314741211,2
2023-05-03 15:09:37.626,2023-05-03 15:09:37.8,83.85,148.972733,-65.12273452587891,2
2023-05-03 15:09:37.657,2023-05-03 15:09:37.8,84.17,148.972733,-64.80273483105469,2
2023-05-03 15:09:37.691,2023-05-03 15:09:37.8,85.43,148.972733,-63.542732694824224,2
2023-05-03 15:09:37.726,2023-05-03 15:09:37.8,87.32,148.972733,-61.652733305175786,2
2023-05-03 15:09:37.77,2023-05-03 15:09:38.0,89.57,148.972733,-59.402733305175786,2
2023-05-03 15:09:37.8,2023-05-03 15:09:38.0,91.73,135.999817,-44.26981364306641,2
2023-05-03 15:09:37.832,2023-05-03 15:09:38.0,93.54,135.999817,-42.45981608447266,2
2023-05-03 15:09:37.862,2023-05-03 15:09:38.0,94.93,135.999817,-41.069816694824226,2
2023-05-03 15:09:37.897,2023-05-03 15:09:38.0,95.96,135.999817,-40.03981791552735,2
2023-05-03 15:09:37.933,2023-05-03 15:09:38.2,96.71,135.999817,-39.28981791552735,2
2023-05-03 15:09:37.965,2023-05-03 15:09:38.2,97.48,145.144409,-47.6644056430664,2
2023-05-03 15:09:37.995,2023-05-03 15:09:38.2,98.63,145.144409,-46.51441174658203,2
2023-05-03 15:09:38.028,2023-05-03 15:09:38.2,100.67,145.144409,-44.47441083105468,2
2023-05-03 15:09:38.063,2023-05-03 15:09:38.2,104.07,145.144409,-41.07440930517578,2
2023-05-03 15:09:38.099,2023-05-03 15:09:38.4,108.76,145.144409,-36.38440686376953,2
2023-05-03 15:09:38.132,2023-05-03 15:09:38.4,114.7,145.144409,-30.44441205175781,2
2023-05-03 15:09:38.166,2023-05-03 15:09:38.4,121.38,152.066345,-30.686347746582044,2
2023-05-03 15:09:38.196,2023-05-03 15:09:38.4,128.4,152.066345,-23.666351103515638,2
2023-05-03 15:09:38.23,2023-05-03 15:09:38.4,135.3,152.066345,-16.7663419482422,2
2023-05-03 15:09:38.259,2023-05-03 15:09:38.4,142.02,152.066345,-10.046340727539075,2
2023-05-03 15:09:38.297,2023-05-03 15:09:38.4,148.62,152.066345,-3.4463498828125125,2
2023-05-03 15:09:38.334,2023-05-03 15:09:38.6,154.71,152.066345,2.643661713867175,2
2023-05-03 15:09:38.364,2023-05-03 15:09:38.6,160.7,152.066345,8.633651948242175,2
2023-05-03 15:09:38.396,2023-05-03 15:09:38.6,166.75,152.066345,14.683654999999987,2
2023-05-03 15:09:38.43,2023-05-03 15:09:38.6,172.99,-174.804047,347.79405249316403,2
2023-05-03 15:09:38.463,2023-05-03 15:09:38.6,179.7,-174.804047,354.50404394824216,2
2023-05-03 15:09:38.499,2023-05-03 15:09:38.8,-173.86,-174.804047,0.9440463896484346,2
2023-05-03 15:09:38.531,2023-05-03 15:09:38.8,-168.53,-174.804047,6.274048220703122,2
2023-05-03 15:09:38.562,2023-05-03 15:09:38.8,-165.08,-137.186661,-27.8933408310547,2
2023-05-03 15:09:38.599,2023-05-03 15:09:38.8,-163.58,-137.186661,-26.3933408310547,2
2023-05-03 15:09:38.633,2023-05-03 15:09:38.8,-163.49,-137.186661,-26.303344493164076,2
2023-05-03 15:09:38.665,2023-05-03 15:09:38.8,-164.34,-137.186661,-27.15333533789064,2
2023-05-03 15:09:38.699,2023-05-03 15:09:38.8,-164.99,-137.186661,-27.803344493164076,2
2023-05-03 15:09:38.731,2023-05-03 15:09:39.0,-164.9,-111.457787,-53.44220689648438,2
2023-05-03 15:09:38.772,2023-05-03 15:09:39.0,-164.07,-111.457787,-52.612220324218754,2
2023-05-03 15:09:38.8,2023-05-03 15:09:39.0,-163.23,-111.457787,-51.772208727539066,2
2023-05-03 15:09:38.832,2023-05-03 15:09:39.0,-162.75,-111.457787,-51.292213000000004,2
2023-05-03 15:09:38.864,2023-05-03 15:09:39.0,-162.56,-111.457787,-51.102210558593754,2
2023-05-03 15:09:38.9,2023-05-03 15:09:39.2,-162.58,-111.457787,-51.12221483105469,2
2023-05-03 15:09:38.933,2023-05-03 15:09:39.2,-162.59,-111.054207,-51.53578933789062,2
2023-05-03 15:09:38.974,2023-05-03 15:09:39.2,-162.74,-111.054207,-51.68579849316406,2
2023-05-03 15:09:38.997,2023-05-03 15:09:39.2,-162.88,-111.054207,-51.825797882812495,2
2023-05-03 15:09:39.033,2023-05-03 15:09:39.2,-163.06,-111.054207,-52.005790558593745,2
2023-05-03 15:09:39.064,2023-05-03 15:09:39.4,-163.24,-111.054207,-52.18579849316406,2
2023-05-03 15:09:39.104,2023-05-03 15:09:39.4,-163.42,-111.054207,-52.36579116894531,2
2023-05-03 15:09:39.138,2023-05-03 15:09:39.4,-163.58,-111.054207,-52.52579483105468,2
2023-05-03 15:09:39.168,2023-05-03 15:09:39.4,-163.75,-111.054207,-52.695792999999995,2
2023-05-03 15:09:39.198,2023-05-03 15:09:39.4,-164.05,-111.259384,-52.790619051757815,2
2023-05-03 15:09:39.234,2023-05-03 15:09:39.4,-164.58,-111.259384,-53.32061783105469,2
2023-05-03 15:09:39.273,2023-05-03 15:09:39.4,-165.33,-111.259384,-54.07061783105469,2
2023-05-03 15:09:39.305,2023-05-03 15:09:39.4,-166.03,-111.259384,-54.77061477929688,2
2023-05-03 15:09:39.334,2023-05-03 15:09:39.4,-166.65,-111.259384,-55.39060989648438,2
2023-05-03 15:09:39.365,2023-05-03 15:09:39.6,-167.35,-112.799652,-54.55035410351563,2
2023-05-03 15:09:39.404,2023-05-03 15:09:39.6,-168.24,-112.799652,-55.44035349316407,2
2023-05-03 15:09:39.432,2023-05-03 15:09:39.6,-169.27,-112.799652,-56.47035227246094,2
2023-05-03 15:09:39.468,2023-05-03 15:09:39.8,-170.51,-112.799652,-57.71034250683594,2
2023-05-03 15:09:39.506,2023-05-03 15:09:39.8,-171.79,-112.799652,-58.99034128613282,2
2023-05-03 15:09:39.531,2023-05-03 15:09:39.8,-173.11,-112.799652,-60.31034861035157,2
2023-05-03 15:09:39.568,2023-05-03 15:09:39.8,-174.46,-112.799652,-61.66035471386719,2
2023-05-03 15:09:39.598,2023-05-03 15:09:39.8,-175.89,-112.799652,-63.09034738964844,2
2023-05-03 15:09:39.639,2023-05-03 15:09:39.8,-176.93,-112.799652,-64.13034067578126,2
2023-05-03 15:09:39.666,2023-05-03 15:09:39.8,-177.64,-112.799652,-64.84034738964844,2
2023-05-03 15:09:39.696,2023-05-03 15:09:39.8,-177.74,-112.799652,-64.94035349316407,2
2023-05-03 15:09:39.74,2023-05-03 15:09:39.8,-177.48,-112.799652,-64.68034372753907,2
2023-05-03 15:09:39.775,2023-05-03 15:09:40.0,-176.83,-112.799652,-64.03034983105469,2
2023-05-03 15:09:39.803,2023-05-03 15:09:40.0,-176.04,-125.32605,-50.71394328613282,2
2023-05-03 15:09:39.839,2023-05-03 15:09:40.0,-175.19,-125.32605,-49.863952441406255,2
2023-05-03 15:09:39.873,2023-05-03 15:09:40.0,-174.48,-125.32605,-49.15394572753907,2
2023-05-03 15:09:39.901,2023-05-03 15:09:40.2,-173.69,-125.32605,-48.363952441406255,2
2023-05-03 15:09:39.934,2023-05-03 15:09:40.2,-172.57,-125.32605,-47.243957324218755,2
2023-05-03 15:09:39.97,2023-05-03 15:09:40.2,-170.73,-124.565697,-46.16429872753906,2
2023-05-03 15:09:40.001,2023-05-03 15:09:40.2,-167.81,-124.565697,-43.24430055859375,2
2023-05-03 15:09:40.035,2023-05-03 15:09:40.2,-163.62,-124.565697,-39.0542981171875,2
2023-05-03 15:09:40.068,2023-05-03 15:09:40.4,-158.2,-124.565697,-33.63429994824219,2
2023-05-03 15:09:40.103,2023-05-03 15:09:40.4,-151.82,-124.565697,-27.25431032421875,2
2023-05-03 15:09:40.134,2023-05-03 15:09:40.4,-144.64,-124.565697,-20.074302389648437,2
2023-05-03 15:09:40.172,2023-05-03 15:09:40.4,-136.95,-114.893944,-22.056052948242183,2
2023-05-03 15:09:40.203,2023-05-03 15:09:40.4,-128.87,-114.893944,-13.976051117187495,2
2023-05-03 15:09:40.234,2023-05-03 15:09:40.4,-121.07,-114.893944,-6.176055694824214,2
2023-05-03 15:09:40.267,2023-05-03 15:09:40.4,-113.47,-114.893944,1.4239427792968797,2
2023-05-03 15:09:40.303,2023-05-03 15:09:40.6,-106.68,-114.893944,8.213943694824223,2
2023-05-03 15:09:40.335,2023-05-03 15:09:40.6,-101.08,-114.893944,13.813942168945317,2
2023-05-03 15:09:40.37,2023-05-03 15:09:40.6,-95.95,-74.434769,-21.515227948242185,2
2023-05-03 15:09:40.401,2023-05-03 15:09:40.6,-91.37,-74.434769,-16.93523374658203,2
2023-05-03 15:09:40.437,2023-05-03 15:09:40.6,-87.52,-74.434769,-13.085227643066403,2
2023-05-03 15:09:40.468,2023-05-03 15:09:40.6,-84.12,-74.434769,-9.685233746582028,2
2023-05-03 15:09:40.503,2023-05-03 15:09:40.8,-81.42,-74.434769,-6.98522916894531,2
2023-05-03 15:09:40.537,2023-05-03 15:09:40.8,-79.51,-74.434769,-5.075233136230466,2
2023-05-03 15:09:40.569,2023-05-03 15:09:40.8,-78.22,-74.434769,-3.785232220703122,2
2023-05-03 15:09:40.603,2023-05-03 15:09:40.8,-77.61,-74.434769,-3.1752316103515597,2
2023-05-03 15:09:40.642,2023-05-03 15:09:40.8,-77.69,-74.434769,-3.255233441406247,2
2023-05-03 15:09:40.671,2023-05-03 15:09:40.8,-78.14,-74.434769,-3.7052303896484347,2
2023-05-03 15:09:40.703,2023-05-03 15:09:40.8,-78.43,-74.434769,-3.9952313051757784,2
2023-05-03 15:09:40.739,2023-05-03 15:09:40.8,-78.43,-74.434769,-3.9952313051757784,2
2023-05-03 15:09:40.771,2023-05-03 15:09:40.8,-78.05,-74.434769,-3.6152340517578097,2
2023-05-03 15:09:40.803,2023-05-03 15:09:40.8,-77.71,-74.434769,-3.2752300844726534,2
2023-05-03 15:09:40.836,2023-05-03 15:09:40.8,-77.65,-74.434769,-3.2152325258789034,2
2023-05-03 15:09:40.869,2023-05-03 15:09:40.8,-77.97,-74.434769,-3.535232220703122,2
2023-05-03 15:09:40.902,2023-05-03 15:09:41.2,-78.44,-28.189457,-50.250545441406246,2
2023-05-03 15:09:40.936,2023-05-03 15:09:41.2,-78.89,-28.189457,-50.70054238964843,2
2023-05-03 15:09:40.972,2023-05-03 15:09:41.2,-79.19,-28.189457,-51.000545441406246,2
2023-05-03 15:09:41.006,2023-05-03 15:09:41.2,-79.22,-28.411739,-50.80826222070313,2
2023-05-03 15:09:41.047,2023-05-03 15:09:41.2,-78.92,-28.411739,-50.508259168945315,2
2023-05-03 15:09:41.075,2023-05-03 15:09:41.2,-78.39,-28.411739,-49.97826038964844,2
2023-05-03 15:09:41.106,2023-05-03 15:09:41.2,-77.86,-28.411739,-49.448261610351565,2
2023-05-03 15:09:41.137,2023-05-03 15:09:41.4,-77.49,-28.411739,-49.078258863769534,2
2023-05-03 15:09:41.176,2023-05-03 15:09:41.4,-77.41,-29.976152,-47.433851662109376,2
2023-05-03 15:09:41.209,2023-05-03 15:09:41.4,-77.51,-29.976152,-47.53385013623047,2
2023-05-03 15:09:41.243,2023-05-03 15:09:41.4,-77.62,-29.976152,-47.64385074658203,2
2023-05-03 15:09:41.272,2023-05-03 15:09:41.4,-77.8,-29.976152,-47.82385105175781,2
2023-05-03 15:09:41.304,2023-05-03 15:09:41.4,-78.06,-29.976152,-48.08384555859375,2
2023-05-03 15:09:41.338,2023-05-03 15:09:41.6,-78.45,-29.976152,-48.47384494824219,2
2023-05-03 15:09:41.374,2023-05-03 15:09:41.6,-78.84,-29.976152,-48.863844337890626,2
2023-05-03 15:09:41.408,2023-05-03 15:09:41.6,-79.32,-29.976152,-49.34384769482422,2
2023-05-03 15:09:41.442,2023-05-03 15:09:41.6,-79.65,-29.976152,-49.67384952587891,2
2023-05-03 15:09:41.47,2023-05-03 15:09:41.6,-79.99,-29.976152,-50.01384586376953,2
2023-05-03 15:09:41.505,2023-05-03 15:09:41.8,-80.0,-29.976152,-50.023848,2
2023-05-03 15:09:41.542,2023-05-03 15:09:41.8,-79.73,-29.976152,-49.753851356933595,2
2023-05-03 15:09:41.58,2023-05-03 15:09:41.8,-79.15,-29.976152,-49.17384952587891,2
2023-05-03 15:09:41.612,2023-05-03 15:09:41.8,-78.24,-30.532728,-47.70726986376953,2
2023-05-03 15:09:41.639,2023-05-03 15:09:41.8,-76.79,-30.532728,-46.257272915527345,2
2023-05-03 15:09:41.672,2023-05-03 15:09:41.8,-74.32,-30.532728,-43.78727169482422,2
2023-05-03 15:09:41.704,2023-05-03 15:09:41.8,-70.77,-30.532728,-40.23726864306641,2
2023-05-03 15:09:41.738,2023-05-03 15:09:41.8,-66.19,-30.532728,-35.65727444140625,2
2023-05-03 15:09:41.773,2023-05-03 15:09:41.8,-60.93,-30.532728,-30.397272305175782,2
2023-05-03 15:09:41.803,2023-05-03 15:09:41.8,-55.11,-30.532728,-24.577272610351564,2
2023-05-03 15:09:41.84,2023-05-03 15:09:41.8,-49.11,-30.532728,-18.577272610351564,2
2023-05-03 15:09:41.874,2023-05-03 15:09:41.8,-42.92,-30.532728,-12.387270168945314,2
2023-05-03 15:09:41.905,2023-05-03 15:09:41.8,-36.24,-30.532728,-5.707273678466798,2
2023-05-03 15:09:41.938,2023-05-03 15:09:41.8,-29.09,-30.532728,1.4427278474121081,2
2023-05-03 15:09:41.976,2023-05-03 15:09:42.0,-21.34,-28.765717,7.425716847412108,2
2023-05-03 15:09:42.007,2023-05-03 15:09:42.0,-13.08,-28.765717,15.685717076293944,2
2023-05-03 15:09:42.044,2023-05-03 15:09:42.2,-4.64,-3.750801,-0.8891988664855957,2
2023-05-03 15:09:42.074,2023-05-03 15:09:42.2,2.93,-3.750801,6.680801066757202,2
2023-05-03 15:09:42.11,2023-05-03 15:09:42.4,9.83,-3.750801,13.580800923706054,2
2023-05-03 15:09:42.14,2023-05-03 15:09:42.4,15.43,-3.750801,19.18080130517578,2
2023-05-03 15:09:42.174,2023-05-03 15:09:42.4,19.61,-3.750801,23.36080161035156,2
2023-05-03 15:09:42.206,2023-05-03 15:09:42.4,22.25,38.903168,-16.653168,2
2023-05-03 15:09:42.238,2023-05-03 15:09:42.4,23.3,38.903168,-15.603168762939454,2
2023-05-03 15:09:42.272,2023-05-03 15:09:42.6,23.28,38.903168,-15.623167313354493,2
2023-05-03 15:09:42.307,2023-05-03 15:09:42.6,23.0,38.903168,-15.903168,2
2023-05-03 15:09:42.345,2023-05-03 15:09:42.6,22.88,38.903168,-16.0231688392334,2
2023-05-03 15:09:42.376,2023-05-03 15:09:42.6,23.29,38.903168,-15.613167084472657,2
2023-05-03 15:09:42.407,2023-05-03 15:09:42.6,23.87,70.992073,-47.122072160766606,2
2023-05-03 15:09:42.441,2023-05-03 15:09:42.6,24.15,70.992073,-46.84207338146973,2
2023-05-03 15:09:42.473,2023-05-03 15:09:42.6,24.08,70.992073,-46.91207307629395,2
2023-05-03 15:09:42.511,2023-05-03 15:09:42.6,23.69,70.992073,-47.30207246594239,2
2023-05-03 15:09:42.541,2023-05-03 15:09:42.8,23.11,70.992073,-47.88207238964844,2
2023-05-03 15:09:42.575,2023-05-03 15:09:42.8,22.74,70.992073,-48.25207322888184,2
2023-05-03 15:09:42.61,2023-05-03 15:09:42.8,22.71,70.992073,-48.28207391552735,2
2023-05-03 15:09:42.651,2023-05-03 15:09:42.8,22.98,70.992073,-48.01207345776368,2
2023-05-03 15:09:42.685,2023-05-03 15:09:42.8,23.46,70.992073,-47.53207391552735,2
2023-05-03 15:09:42.715,2023-05-03 15:09:42.8,23.88,70.992073,-47.1120738392334,2
2023-05-03 15:09:42.737,2023-05-03 15:09:42.8,23.98,70.992073,-47.01207345776368,2
2023-05-03 15:09:42.776,2023-05-03 15:09:43.0,23.85,71.00473,-47.15472961853027,2
2023-05-03 15:09:42.818,2023-05-03 15:09:43.0,23.58,71.00473,-47.42473007629394,2
2023-05-03 15:09:42.861,2023-05-03 15:09:43.0,23.19,71.00473,-47.81472946594238,2
2023-05-03 15:09:42.88,2023-05-03 15:09:43.0,22.91,71.00473,-48.094730152587886,2
2023-05-03 15:09:42.909,2023-05-03 15:09:43.2,22.73,71.00473,-48.27473045776367,2
2023-05-03 15:09:42.948,2023-05-03 15:09:43.2,22.73,71.00473,-48.27473045776367,2
2023-05-03 15:09:42.979,2023-05-03 15:09:43.2,22.75,71.00473,-48.254729999999995,2
2023-05-03 15:09:43.008,2023-05-03 15:09:43.2,22.81,71.728149,-48.91814953405762,2
2023-05-03 15:09:43.045,2023-05-03 15:09:43.2,22.74,71.728149,-48.98814922888184,2
2023-05-03 15:09:43.078,2023-05-03 15:09:43.2,22.78,71.728149,-48.948148313354494,2
2023-05-03 15:09:43.11,2023-05-03 15:09:43.4,22.76,71.728149,-48.968148771118166,2
2023-05-03 15:09:43.143,2023-05-03 15:09:43.4,22.86,71.728149,-48.86814838964844,2
2023-05-03 15:09:43.174,2023-05-03 15:09:43.4,22.87,71.728149,-48.8581481607666,2
2023-05-03 15:09:43.209,2023-05-03 15:09:43.4,23.03,71.076653,-48.046652313354485,2
2023-05-03 15:09:43.247,2023-05-03 15:09:43.4,23.28,71.076653,-47.796652313354485,2
2023-05-03 15:09:43.284,2023-05-03 15:09:43.4,23.76,71.076653,-47.31665277111816,2
2023-05-03 15:09:43.318,2023-05-03 15:09:43.6,24.3,71.076653,-46.776653762939446,2
2023-05-03 15:09:43.351,2023-05-03 15:09:43.6,24.94,71.076653,-46.136652465942376,2
2023-05-03 15:09:43.38,2023-05-03 15:09:43.6,25.97,71.076653,-45.1066536866455,2
2023-05-03 15:09:43.415,2023-05-03 15:09:43.6,27.57,71.393021,-43.823021305175786,2
2023-05-03 15:09:43.456,2023-05-03 15:09:43.6,30.05,71.393021,-41.34302176293946,2
2023-05-03 15:09:43.48,2023-05-03 15:09:43.8,33.87,71.393021,-37.52302206811524,2
2023-05-03 15:09:43.512,2023-05-03 15:09:43.8,39.02,71.393021,-32.37302054223633,2
2023-05-03 15:09:43.546,2023-05-03 15:09:43.8,45.13,71.393021,-26.26301993188477,2
2023-05-03 15:09:43.58,2023-05-03 15:09:43.8,51.56,76.540741,-24.98073962670898,2
2023-05-03 15:09:43.614,2023-05-03 15:09:43.8,57.84,76.540741,-18.700740847412106,2
2023-05-03 15:09:43.647,2023-05-03 15:09:43.8,64.1,76.540741,-12.440742525878903,2
2023-05-03 15:09:43.684,2023-05-03 15:09:43.8,71.02,76.540741,-5.520744356933591,2
2023-05-03 15:09:43.71,2023-05-03 15:09:43.8,79.16,76.540741,2.619262662109378,2
2023-05-03 15:09:43.739,2023-05-03 15:09:43.8,88.12,76.540741,11.579261746582034,2
2023-05-03 15:09:43.777,2023-05-03 15:09:43.8,97.22,76.540741,20.679260220703128,2
2023-05-03 15:09:43.813,2023-05-03 15:09:44.0,105.64,108.015854,-2.375854610351567,2
2023-05-03 15:09:43.845,2023-05-03 15:09:44.0,112.54,108.015854,4.524146915527339,2
2023-05-03 15:09:43.879,2023-05-03 15:09:44.2,117.26,108.015854,9.244148136230464,2
2023-05-03 15:09:43.91,2023-05-03 15:09:44.2,119.36,108.015854,11.344146610351558,2
2023-05-03 15:09:43.941,2023-05-03 15:09:44.2,119.58,108.015854,11.564147831054683,2
2023-05-03 15:09:43.979,2023-05-03 15:09:44.2,118.85,108.015854,10.83414447412109,2
2023-05-03 15:09:44.009,2023-05-03 15:09:44.2,117.79,155.859924,-38.06992308447266,2
2023-05-03 15:09:44.047,2023-05-03 15:09:44.2,116.98,155.859924,-38.87992064306641,2
2023-05-03 15:09:44.08,2023-05-03 15:09:44.2,116.67,155.859924,-39.189925831054694,2
2023-05-03 15:09:44.115,2023-05-03 15:09:44.2,116.69,155.859924,-39.16992155859376,2
2023-05-03 15:09:44.154,2023-05-03 15:09:44.4,117.06,155.859924,-38.79992644140626,2
2023-05-03 15:09:44.183,2023-05-03 15:09:44.4,117.58,155.859924,-38.27992216894532,2
2023-05-03 15:09:44.21,2023-05-03 15:09:44.4,117.88,165.732056,-47.85205874658203,2
2023-05-03 15:09:44.246,2023-05-03 15:09:44.4,117.67,165.732056,-48.06205783105469,2
2023-05-03 15:09:44.278,2023-05-03 15:09:44.4,116.99,165.732056,-48.74205813623047,2
2023-05-03 15:09:44.318,2023-05-03 15:09:44.4,116.06,165.732056,-49.67205844140625,2
2023-05-03 15:09:44.353,2023-05-03 15:09:44.4,115.61,165.732056,-50.12205538964844,2
2023-05-03 15:09:44.387,2023-05-03 15:09:44.6,115.27,166.287567,-51.01757035693359,2
2023-05-03 15:09:44.415,2023-05-03 15:09:44.6,115.15,166.287567,-51.13756547412109,2
2023-05-03 15:09:44.453,2023-05-03 15:09:44.6,115.25,166.287567,-51.037566999999996,2
2023-05-03 15:09:44.488,2023-05-03 15:09:44.6,115.39,166.287567,-50.89756761035156,2
2023-05-03 15:09:44.517,2023-05-03 15:09:44.8,115.46,166.287567,-50.82756791552734,2
2023-05-03 15:09:44.552,2023-05-03 15:09:44.8,115.42,166.287567,-50.86756883105468,2
2023-05-03 15:09:44.585,2023-05-03 15:09:44.8,115.5,166.287567,-50.787566999999996,2
2023-05-03 15:09:44.618,2023-05-03 15:09:44.8,115.77,163.431473,-47.661476356933605,2
2023-05-03 15:09:44.651,2023-05-03 15:09:44.8,116.2,163.431473,-47.231476051757824,2
2023-05-03 15:09:44.683,2023-05-03 15:09:44.8,116.61,163.431473,-46.82147238964845,2
2023-05-03 15:09:44.719,2023-05-03 15:09:44.8,117.02,163.431473,-46.411476356933605,2
2023-05-03 15:09:44.746,2023-05-03 15:09:45.0,117.4,163.431473,-46.031471474121105,2
2023-05-03 15:09:44.784,2023-05-03 15:09:45.0,117.8,163.431473,-45.6314699482422,2
2023-05-03 15:09:44.816,2023-05-03 15:09:45.0,118.2,164.166199,-45.96620205175782,2
2023-05-03 15:09:44.85,2023-05-03 15:09:45.0,118.65,164.166199,-45.5161974741211,2
2023-05-03 15:09:44.884,2023-05-03 15:09:45.0,119.21,164.166199,-44.95619991552735,2
2023-05-03 15:09:44.915,2023-05-03 15:09:45.2,120.02,164.166199,-44.1462023569336,2
2023-05-03 15:09:44.952,2023-05-03 15:09:45.2,120.99,164.166199,-43.176201136230475,2
2023-05-03 15:09:44.984,2023-05-03 15:09:45.2,122.04,164.166199,-42.12619808447266,2
2023-05-03 15:09:45.022,2023-05-03 15:09:45.2,123.03,166.588608,-43.55860922070312,2
2023-05-03 15:09:45.05,2023-05-03 15:09:45.2,123.95,166.588608,-42.638611051757806,2
2023-05-03 15:09:45.088,2023-05-03 15:09:45.2,124.99,166.588608,-41.59861013623046,2
2023-05-03 15:09:45.117,2023-05-03 15:09:45.4,126.31,166.588608,-40.278610441406244,2
2023-05-03 15:09:45.15,2023-05-03 15:09:45.4,128.37,166.588608,-38.218612882812494,2
2023-05-03 15:09:45.189,2023-05-03 15:09:45.4,131.6,171.524597,-39.924590896484375,2
2023-05-03 15:09:45.215,2023-05-03 15:09:45.4,136.91,171.524597,-34.614593337890625,2
2023-05-03 15:09:45.249,2023-05-03 15:09:45.4,144.49,171.524597,-27.034591506835937,2
2023-05-03 15:09:45.282,2023-05-03 15:09:45.4,153.79,171.524597,-17.734603713867187,2
2023-05-03 15:09:45.318,2023-05-03 15:09:45.4,163.69,171.524597,-7.83459455859375,2
2023-05-03 15:09:45.35,2023-05-03 15:09:45.6,173.18,171.524597,1.65539567578125,2
2023-05-03 15:09:45.385,2023-05-03 15:09:45.6,-178.02,171.524597,-349.5446012724609,2
2023-05-03 15:09:45.418,2023-05-03 15:09:45.6,-170.5,-173.745972,3.2459719999999948,2
2023-05-03 15:09:45.451,2023-05-03 15:09:45.6,-164.65,-173.745972,9.09597810351562,2
2023-05-03 15:09:45.484,2023-05-03 15:09:45.8,-160.6,-173.745972,13.14596589648437,2
2023-05-03 15:09:45.518,2023-05-03 15:09:45.8,-158.28,-173.745972,15.46597322070312,2
2023-05-03 15:09:45.55,2023-05-03 15:09:45.8,-157.56,-173.745972,16.185974441406245,2
2023-05-03 15:09:45.582,2023-05-03 15:09:45.8,-157.53,-173.745972,16.21597322070312,2
2023-05-03 15:09:45.616,2023-05-03 15:09:45.8,-157.13,-173.745972,16.615967117187495,2
2023-05-03 15:09:45.655,2023-05-03 15:09:45.8,-156.14,-173.745972,17.605972610351557,2
2023-05-03 15:09:45.685,2023-05-03 15:09:45.8,-154.68,-121.637146,-33.04284667578125,2
2023-05-03 15:09:45.719,2023-05-03 15:09:45.8,-152.73,-121.637146,-31.09284972753906,2
2023-05-03 15:09:45.753,2023-05-03 15:09:46.0,-150.58,-121.637146,-28.942855831054686,2
2023-05-03 15:09:45.787,2023-05-03 15:09:46.0,-148.59,-121.637146,-26.952850337890624,2
2023-05-03 15:09:45.819,2023-05-03 15:09:46.0,-146.92,-109.071564,-37.84843416894532,2
2023-05-03 15:09:45.849,2023-05-03 15:09:46.0,-145.79,-109.071564,-36.71842928613282,2
2023-05-03 15:09:45.881,2023-05-03 15:09:46.0,-145.14,-109.071564,-36.06843538964844,2
2023-05-03 15:09:45.92,2023-05-03 15:09:46.0,-144.89,-109.071564,-35.81843538964844,2
2023-05-03 15:09:45.949,2023-05-03 15:09:46.0,-144.83,-109.071564,-35.75843783105469,2
2023-05-03 15:09:45.983,2023-05-03 15:09:46.2,-144.9,-98.910797,-45.98919689648437,2
2023-05-03 15:09:46.019,2023-05-03 15:09:46.2,-145.01,-98.910797,-46.099197506835935,2
2023-05-03 15:09:46.054,2023-05-03 15:09:46.2,-145.0,-98.910797,-46.089203,2
2023-05-03 15:09:46.083,2023-05-03 15:09:46.2,-144.88,-98.910797,-45.9692078828125,2
2023-05-03 15:09:46.116,2023-05-03 15:09:46.4,-144.68,-98.910797,-45.76919567578125,2
2023-05-03 15:09:46.151,2023-05-03 15:09:46.4,-144.62,-98.910797,-45.7091981171875,2
2023-05-03 15:09:46.192,2023-05-03 15:09:46.4,-144.57,-98.910797,-45.65921032421875,2
2023-05-03 15:09:46.222,2023-05-03 15:09:46.4,-144.69,-98.910797,-45.77920544140625,2
2023-05-03 15:09:46.25,2023-05-03 15:09:46.4,-144.82,-98.910797,-45.90921032421875,2
2023-05-03 15:09:46.281,2023-05-03 15:09:46.4,-144.95,-97.136169,-47.81382794824219,2
2023-05-03 15:09:46.317,2023-05-03 15:09:46.4,-144.79,-97.136169,-47.65382428613282,2
2023-05-03 15:09:46.35,2023-05-03 15:09:46.6,-144.56,-97.136169,-47.423828558593755,2
2023-05-03 15:09:46.386,2023-05-03 15:09:46.6,-144.15,-97.136169,-47.01382489648438,2
2023-05-03 15:09:46.418,2023-05-03 15:09:46.6,-143.97,-97.136169,-46.83383222070313,2
2023-05-03 15:09:46.449,2023-05-03 15:09:46.6,-143.73,-96.810295,-46.919700727539066,2
2023-05-03 15:09:46.486,2023-05-03 15:09:46.6,-143.5,-96.810295,-46.689705000000004,2
2023-05-03 15:09:46.516,2023-05-03 15:09:46.6,-143.14,-96.810295,-46.32970438964844,2
2023-05-03 15:09:46.55,2023-05-03 15:09:46.8,-142.71,-96.810295,-45.89971171386719,2
2023-05-03 15:09:46.585,2023-05-03 15:09:46.8,-142.18,-96.810295,-45.369697675781254,2
2023-05-03 15:09:46.615,2023-05-03 15:09:46.8,-141.56,-96.08268,-45.477317558593754,2
2023-05-03 15:09:46.655,2023-05-03 15:09:46.8,-140.84,-96.08268,-44.75731633789063,2
2023-05-03 15:09:46.682,2023-05-03 15:09:46.8,-140.08,-96.08268,-43.99732183105469,2
2023-05-03 15:09:46.715,2023-05-03 15:09:46.8,-139.3,-96.08268,-43.217323051757816,2
2023-05-03 15:09:46.75,2023-05-03 15:09:46.8,-138.47,-96.08268,-42.38732122070313,2
2023-05-03 15:09:46.784,2023-05-03 15:09:47.0,-137.34,-93.556648,-43.78334833789063,2
2023-05-03 15:09:46.819,2023-05-03 15:09:47.0,-135.5,-93.556648,-41.943352000000004,2
2023-05-03 15:09:46.85,2023-05-03 15:09:47.0,-132.1,-93.556648,-38.54335810351563,2
2023-05-03 15:09:46.881,2023-05-03 15:09:47.0,-126.28,-93.556648,-32.72335077929688,2
2023-05-03 15:09:46.915,2023-05-03 15:09:47.0,-117.8,-93.556648,-24.243355051757817,2
2023-05-03 15:09:46.942,2023-05-03 15:09:47.2,-107.81,-93.556648,-14.253349558593754,2
2023-05-03 15:09:46.985,2023-05-03 15:09:47.2,-97.47,-93.556648,-3.9133532207031294,2
2023-05-03 15:09:47.019,2023-05-03 15:09:47.2,-87.43,-87.38446,-0.04554030517577701,2
2023-05-03 15:09:47.053,2023-05-03 15:09:47.2,-78.3,-87.38446,9.084456948242192,2
2023-05-03 15:09:47.085,2023-05-03 15:09:47.2,-70.91,-87.38446,16.47445633789063,2
2023-05-03 15:09:47.122,2023-05-03 15:09:47.2,-66.06,-87.38446,21.324462441406254,2
2023-05-03 15:09:47.155,2023-05-03 15:09:47.2,-64.01,-87.38446,23.374457863769535,2
2023-05-03 15:09:47.188,2023-05-03 15:09:47.2,-64.02,-87.38446,23.364463356933598,2
2023-05-03 15:09:47.221,2023-05-03 15:09:47.2,-65.26,-87.38446,22.124457863769535,2
2023-05-03 15:09:47.253,2023-05-03 15:09:47.2,-66.86,-87.38446,20.52445938964844,2
2023-05-03 15:09:47.287,2023-05-03 15:09:47.2,-68.17,-87.38446,19.21446183105469,2
2023-05-03 15:09:47.321,2023-05-03 15:09:47.2,-68.87,-87.38446,18.514457253417973,2
2023-05-03 15:09:47.353,2023-05-03 15:09:47.2,-68.93,-87.38446,18.454459694824223,2
2023-05-03 15:09:47.389,2023-05-03 15:09:47.2,-68.5,-87.38446,18.884460000000004,2
2023-05-03 15:09:47.425,2023-05-03 15:09:47.2,-67.77,-87.38446,19.614463356933598,2
2023-05-03 15:09:47.451,2023-05-03 15:09:47.6,-67.18,-17.699963,-49.480037305175784,2
2023-05-03 15:09:47.489,2023-05-03 15:09:47.8,-66.9,-17.699963,-49.20003852587891,2
2023-05-03 15:09:47.525,2023-05-03 15:09:47.8,-67.02,-20.078867,-46.941129643066404,2
2023-05-03 15:09:47.56,2023-05-03 15:09:47.8,-67.5,-20.078867,-47.421133,2
2023-05-03 15:09:47.596,2023-05-03 15:09:47.8,-68.15,-20.078867,-48.071134525878904,2
2023-05-03 15:09:47.627,2023-05-03 15:09:47.8,-68.91,-20.078867,-48.83113666210937,2
2023-05-03 15:09:47.658,2023-05-03 15:09:47.8,-69.67,-20.078867,-49.59113116894531,2
2023-05-03 15:09:47.693,2023-05-03 15:09:47.8,-70.44,-20.078867,-50.36113544140625,2
2023-05-03 15:09:47.725,2023-05-03 15:09:48.0,-71.16,-20.078867,-51.08113666210937,2
2023-05-03 15:09:47.758,2023-05-03 15:09:48.0,-71.91,-21.094398,-50.81560566210938,2
2023-05-03 15:09:47.793,2023-05-03 15:09:48.0,-72.73,-21.094398,-51.635605356933596,2
2023-05-03 15:09:47.83,2023-05-03 15:09:48.0,-73.68,-21.094398,-52.58560230517578,2
2023-05-03 15:09:47.872,2023-05-03 15:09:48.2,-74.82,-21.094398,-53.72560169482422,2
2023-05-03 15:09:47.893,2023-05-03 15:09:48.2,-76.12,-21.094398,-55.02560474658203,2
2023-05-03 15:09:47.924,2023-05-03 15:09:48.2,-77.53,-21.094398,-56.43560077929688,2
2023-05-03 15:09:47.956,2023-05-03 15:09:48.2,-78.84,-21.094398,-57.74559833789063,2
2023-05-03 15:09:47.995,2023-05-03 15:09:48.2,-80.03,-21.094398,-58.93560077929688,2
2023-05-03 15:09:48.028,2023-05-03 15:09:48.2,-80.95,-21.094398,-59.85559894824219,2
2023-05-03 15:09:48.071,2023-05-03 15:09:48.2,-81.67,-21.094398,-60.575600168945314,2
2023-05-03 15:09:48.096,2023-05-03 15:09:48.4,-82.08,-21.094398,-60.98560383105469,2
2023-05-03 15:09:48.131,2023-05-03 15:09:48.4,-82.22,-21.094398,-61.12560322070313,2
2023-05-03 15:09:48.157,2023-05-03 15:09:48.4,-82.07,-32.952099,-49.11790069482422,2
2023-05-03 15:09:48.191,2023-05-03 15:09:48.4,-81.82,-32.952099,-48.86790069482422,2
2023-05-03 15:09:48.223,2023-05-03 15:09:48.4,-81.52,-32.952099,-48.56789764306641,2
2023-05-03 15:09:48.255,2023-05-03 15:09:48.4,-81.23,-32.952099,-48.2779043569336,2
2023-05-03 15:09:48.289,2023-05-03 15:09:48.4,-80.81,-32.952099,-47.85789855859375,2
2023-05-03 15:09:48.322,2023-05-03 15:09:48.6,-80.35,-33.539982,-46.81001647412109,2
2023-05-03 15:09:48.36,2023-05-03 15:09:48.6,-79.77,-33.539982,-46.230014643066404,2
2023-05-03 15:09:48.392,2023-05-03 15:09:48.6,-79.0,-33.539982,-45.460018,2
2023-05-03 15:09:48.428,2023-05-03 15:09:48.6,-77.58,-33.539982,-44.040019831054686,2
2023-05-03 15:09:48.462,2023-05-03 15:09:48.6,-75.26,-33.539982,-41.72002013623047,2
2023-05-03 15:09:48.494,2023-05-03 15:09:48.8,-71.82,-33.539982,-38.28001769482422,2
2023-05-03 15:09:48.526,2023-05-03 15:09:48.8,-67.42,-33.539982,-33.88001616894531,2
2023-05-03 15:09:48.568,2023-05-03 15:09:48.8,-62.12,-29.694796,-32.42520293188477,2
2023-05-03 15:09:48.594,2023-05-03 15:09:48.8,-55.89,-29.694796,-26.195203389648437,2
2023-05-03 15:09:48.62,2023-05-03 15:09:48.8,-48.91,-29.694796,-19.21520384741211,2
2023-05-03 15:09:48.661,2023-05-03 15:09:48.8,-41.46,-29.694796,-11.765203084472656,2
2023-05-03 15:09:48.692,2023-05-03 15:09:48.8,-33.67,-29.694796,-3.9752021689453123,2
2023-05-03 15:09:48.728,2023-05-03 15:09:49.0,-25.12,-29.694796,4.574795160766602,2
2023-05-03 15:09:48.759,2023-05-03 15:09:49.0,-16.54,-29.694796,13.154795084472656,2
2023-05-03 15:09:48.791,2023-05-03 15:09:49.0,-8.4,-1.562574,-6.837425618530274,2
2023-05-03 15:09:48.823,2023-05-03 15:09:49.0,-1.07,-1.562574,0.4925739475479125,2
2023-05-03 15:09:48.859,2023-05-03 15:09:49.0,4.98,-1.562574,6.542574019073486,2
2023-05-03 15:09:48.892,2023-05-03 15:09:49.2,9.4,-1.562574,10.962573618530273,2
2023-05-03 15:09:48.927,2023-05-03 15:09:49.2,11.95,-1.562574,13.512573809265136,2
2023-05-03 15:09:48.955,2023-05-03 15:09:49.2,12.56,45.920238,-33.3602375803833,2
2023-05-03 15:09:48.99,2023-05-03 15:09:49.2,11.67,45.920238,-34.25023792370605,2
2023-05-03 15:09:49.025,2023-05-03 15:09:49.2,10.18,45.920238,-35.740237694824216,2
2023-05-03 15:09:49.055,2023-05-03 15:09:49.2,8.79,45.920238,-37.13023803814697,2
2023-05-03 15:09:49.093,2023-05-03 15:09:49.4,7.97,45.920238,-37.95023820980835,2
2023-05-03 15:09:49.13,2023-05-03 15:09:49.4,7.96,45.920238,-37.960237961853025,2
2023-05-03 15:09:49.157,2023-05-03 15:09:49.4,8.54,58.176907,-49.63690703814697,2
2023-05-03 15:09:49.193,2023-05-03 15:09:49.4,9.46,58.176907,-48.71690696185303,2
2023-05-03 15:09:49.227,2023-05-03 15:09:49.4,10.31,58.176907,-47.8669065803833,2
2023-05-03 15:09:49.258,2023-05-03 15:09:49.4,10.96,58.176907,-47.21690696185303,2
2023-05-03 15:09:49.294,2023-05-03 15:09:49.6,11.27,58.176907,-46.90690654223633,2
2023-05-03 15:09:49.33,2023-05-03 15:09:49.6,11.24,58.176907,-46.936907228881836,2
2023-05-03 15:09:49.37,2023-05-03 15:09:49.6,10.91,58.176907,-47.26690715258789,2
2023-05-03 15:09:49.4,2023-05-03 15:09:49.6,10.56,58.129669,-47.5696685803833,2
2023-05-03 15:09:49.423,2023-05-03 15:09:49.6,10.21,58.129669,-47.91966896185303,2
2023-05-03 15:09:49.465,2023-05-03 15:09:49.6,9.9,58.129669,-48.229669381469726,2
2023-05-03 15:09:49.494,2023-05-03 15:09:49.6,9.53,58.129669,-48.59966926702881,2
2023-05-03 15:09:49.53,2023-05-03 15:09:49.8,9.1,58.129669,-49.02966861853027,2
2023-05-03 15:09:49.56,2023-05-03 15:09:49.8,8.63,58.129669,-49.49966888555908,2
2023-05-03 15:09:49.595,2023-05-03 15:09:49.8,8.29,58.129669,-49.83966903814697,2
2023-05-03 15:09:49.626,2023-05-03 15:09:49.8,8.15,58.344707,-50.194707381469726,2
2023-05-03 15:09:49.667,2023-05-03 15:09:49.8,8.26,58.344707,-50.084706771118164,2
2023-05-03 15:09:49.692,2023-05-03 15:09:49.8,8.45,58.344707,-49.89470719073486,2
2023-05-03 15:09:49.73,2023-05-03 15:09:49.8,8.61,58.344707,-49.734707343322754,2
2023-05-03 15:09:49.766,2023-05-03 15:09:49.8,8.6,58.344707,-49.74470661853027,2
2023-05-03 15:09:49.79,2023-05-03 15:09:50.0,8.44,56.340416,-47.9004164196167,2
2023-05-03 15:09:49.827,2023-05-03 15:09:50.0,8.26,56.340416,-48.08041577111816,2
2023-05-03 15:09:49.861,2023-05-03 15:09:50.2,8.17,56.340416,-48.17041592370605,2
2023-05-03 15:09:49.9,2023-05-03 15:09:50.2,8.18,56.340416,-48.160415694824216,2
2023-05-03 15:09:49.928,2023-05-03 15:09:50.2,8.2,56.549038,-48.349038190734866,2
2023-05-03 15:09:49.963,2023-05-03 15:09:50.2,8.15,56.549038,-48.39903838146973,2
2023-05-03 15:09:49.997,2023-05-03 15:09:50.2,8.08,56.549038,-48.46903807629395,2
2023-05-03 15:09:50.029,2023-05-03 15:09:50.2,8.02,56.549038,-48.52903754223633,2
2023-05-03 15:09:50.06,2023-05-03 15:09:50.4,7.97,56.549038,-48.57903820980835,2
2023-05-03 15:09:50.098,2023-05-03 15:09:50.4,7.96,56.549038,-48.58903796185303,2
2023-05-03 15:09:50.13,2023-05-03 15:09:50.4,8.1,56.549038,-48.44903761853028,2
2023-05-03 15:09:50.167,2023-05-03 15:09:50.4,8.37,56.318851,-47.94885111444092,2
2023-05-03 15:09:50.197,2023-05-03 15:09:50.4,8.86,56.318851,-47.458851343322756,2
2023-05-03 15:09:50.232,2023-05-03 15:09:50.4,9.57,56.318851,-46.74885130517578,2
2023-05-03 15:09:50.272,2023-05-03 15:09:50.6,10.55,56.318851,-45.76885080926514,2
2023-05-03 15:09:50.305,2023-05-03 15:09:50.6,11.82,56.318851,-44.49885130517578,2
2023-05-03 15:09:50.34,2023-05-03 15:09:50.6,13.81,56.318851,-42.5088505803833,2
2023-05-03 15:09:50.378,2023-05-03 15:09:50.6,17.48,56.318851,-38.838851457763674,2
2023-05-03 15:09:50.411,2023-05-03 15:09:50.6,23.39,56.318851,-32.928851610351565,2
2023-05-03 15:09:50.438,2023-05-03 15:09:50.6,31.13,57.694977,-26.5649778392334,2
2023-05-03 15:09:50.472,2023-05-03 15:09:50.6,39.91,57.694977,-17.784977152587892,2
2023-05-03 15:09:50.5,2023-05-03 15:09:50.6,49.18,57.694977,-8.51497669482422,2
2023-05-03 15:09:50.535,2023-05-03 15:09:50.8,58.8,57.694977,1.1050222370605454,2
2023-05-03 15:09:50.564,2023-05-03 15:09:50.8,68.15,57.694977,10.455024525878905,2
2023-05-03 15:09:50.59,2023-05-03 15:09:50.8,77.4,77.450813,-0.05081147412109033,2
2023-05-03 15:09:50.629,2023-05-03 15:09:50.8,86.52,77.450813,9.06918364306641,2
2023-05-03 15:09:50.66,2023-05-03 15:09:50.8,95.33,77.450813,17.87918883105469,2
2023-05-03 15:09:50.688,2023-05-03 15:09:50.8,103.11,77.450813,25.659187610351566,2
2023-05-03 15:09:50.727,2023-05-03 15:09:51.0,109.27,132.204285,-22.934288356933592,2
2023-05-03 15:09:50.76,2023-05-03 15:09:51.0,113.13,132.204285,-19.07428774658203,2
2023-05-03 15:09:50.795,2023-05-03 15:09:51.0,114.44,132.204285,-17.76428255859375,2
2023-05-03 15:09:50.828,2023-05-03 15:09:51.0,113.78,132.204285,-18.424286220703124,2
2023-05-03 15:09:50.862,2023-05-03 15:09:51.2,111.96,132.204285,-20.244285915527342,2
2023-05-03 15:09:50.893,2023-05-03 15:09:51.2,109.79,132.204285,-22.414284084472655,2
2023-05-03 15:09:50.927,2023-05-03 15:09:51.2,107.71,161.795929,-54.085929915527345,2
2023-05-03 15:09:50.961,2023-05-03 15:09:51.2,106.05,161.795929,-55.74592594824219,2
2023-05-03 15:09:50.995,2023-05-03 15:09:51.2,104.62,161.795929,-57.17592625341797,2
2023-05-03 15:09:51.03,2023-05-03 15:09:51.2,103.45,161.795929,-58.34593205175781,2
2023-05-03 15:09:51.067,2023-05-03 15:09:51.4,102.58,161.795929,-59.21592716894531,2
2023-05-03 15:09:51.094,2023-05-03 15:09:51.4,101.74,161.795929,-60.05593113623047,2
2023-05-03 15:09:51.135,2023-05-03 15:09:51.4,100.92,151.555557,-50.63555883105468,2
2023-05-03 15:09:51.164,2023-05-03 15:09:51.4,100.4,151.555557,-51.15555547412109,2
2023-05-03 15:09:51.197,2023-05-03 15:09:51.4,99.94,151.555557,-51.61555455859374,2
2023-05-03 15:09:51.231,2023-05-03 15:09:51.4,99.71,151.555557,-51.84555791552734,2
2023-05-03 15:09:51.266,2023-05-03 15:09:51.4,99.62,151.555557,-51.93555425341796,2
2023-05-03 15:09:51.296,2023-05-03 15:09:51.6,99.54,151.555557,-52.01555608447265,2
2023-05-03 15:09:51.33,2023-05-03 15:09:51.6,99.51,151.555557,-52.045554863769524,2
2023-05-03 15:09:51.365,2023-05-03 15:09:51.6,99.6,147.416794,-47.816795525878916,2
2023-05-03 15:09:51.398,2023-05-03 15:09:51.6,99.73,147.416794,-47.686790643066416,2
2023-05-03 15:09:51.434,2023-05-03 15:09:51.6,99.97,147.416794,-47.446792779296885,2
2023-05-03 15:09:51.465,2023-05-03 15:09:51.8,100.37,147.416794,-47.04679125341798,2
2023-05-03 15:09:51.496,2023-05-03 15:09:51.8,100.83,147.416794,-46.58679216894532,2
2023-05-03 15:09:51.531,2023-05-03 15:09:51.8,101.37,147.416794,-46.04679125341798,2
2023-05-03 15:09:51.565,2023-05-03 15:09:51.8,101.96,147.416794,-45.456794915527354,2
2023-05-03 15:09:51.598,2023-05-03 15:09:51.8,102.52,147.416794,-44.896797356933604,2
2023-05-03 15:09:51.633,2023-05-03 15:09:51.8,103.09,147.416794,-44.326797662109385,2
2023-05-03 15:09:51.666,2023-05-03 15:09:51.8,103.74,147.416794,-43.67679613623048,2
2023-05-03 15:09:51.701,2023-05-03 15:09:51.8,104.53,147.416794,-42.886795220703135,2
2023-05-03 15:09:51.734,2023-05-03 15:09:51.8,105.4,147.416794,-42.016792474121104,2
2023-05-03 15:09:51.763,2023-05-03 15:09:52.0,106.28,147.416794,-41.136795220703135,2
2023-05-03 15:09:51.796,2023-05-03 15:09:52.0,107.01,147.416794,-40.40679186376954,2
2023-05-03 15:09:51.831,2023-05-03 15:09:52.0,107.57,147.416794,-39.84679430517579,2
2023-05-03 15:09:51.866,2023-05-03 15:09:52.2,108.1,150.261353,-42.16135452587892,2
2023-05-03 15:09:51.897,2023-05-03 15:09:52.2,108.85,150.261353,-41.41135452587892,2
2023-05-03 15:09:51.931,2023-05-03 15:09:52.2,110.25,150.261353,-40.011353000000014,2
2023-05-03 15:09:51.963,2023-05-03 15:09:52.2,113.21,150.261353,-37.05135391552736,2
2023-05-03 15:09:51.996,2023-05-03 15:09:52.2,118.29,154.639603,-36.34960208447265,2
2023-05-03 15:09:52.028,2023-05-03 15:09:52.2,125.4,154.639603,-29.239601474121088,2
2023-05-03 15:09:52.066,2023-05-03 15:09:52.2,133.86,154.639603,-20.77960238964843,2
2023-05-03 15:09:52.098,2023-05-03 15:09:52.4,143.03,154.639603,-11.609604220703119,2
2023-05-03 15:09:52.133,2023-05-03 15:09:52.4,152.24,154.639603,-2.3995975068359314,2
2023-05-03 15:09:52.169,2023-05-03 15:09:52.4,161.17,169.929535,-8.759536831054675,2
2023-05-03 15:09:52.199,2023-05-03 15:09:52.4,169.54,169.929535,-0.3895417138671746,2
2023-05-03 15:09:52.234,2023-05-03 15:09:52.4,176.92,169.929535,6.990463168945325,2
2023-05-03 15:09:52.267,2023-05-03 15:09:52.4,-177.17,169.929535,-347.0995331689453,2
2023-05-03 15:09:52.297,2023-05-03 15:09:52.4,-172.96,169.929535,-342.8895417138672,2
2023-05-03 15:09:52.34,2023-05-03 15:09:52.6,-170.47,-138.861481,-31.608520220703127,2
2023-05-03 15:09:52.369,2023-05-03 15:09:52.6,-169.45,-138.861481,-30.58851594824219,2
2023-05-03 15:09:52.399,2023-05-03 15:09:52.6,-169.36,-138.861481,-30.498519610351565,2
2023-05-03 15:09:52.434,2023-05-03 15:09:52.6,-169.74,-138.861481,-30.878524493164065,2
2023-05-03 15:09:52.466,2023-05-03 15:09:52.6,-170.13,-138.861481,-31.268523882812502,2
2023-05-03 15:09:52.498,2023-05-03 15:09:52.6,-170.35,-138.861481,-31.488525103515627,2
2023-05-03 15:09:52.534,2023-05-03 15:09:52.6,-170.31,-138.861481,-31.448516558593752,2
2023-05-03 15:09:52.566,2023-05-03 15:09:52.6,-170.18,-138.861481,-31.318511675781252,2
2023-05-03 15:09:52.597,2023-05-03 15:09:52.6,-170.02,-138.861481,-31.15852327246094,2
2023-05-03 15:09:52.632,2023-05-03 15:09:52.6,-169.96,-138.861481,-31.09852571386719,2
2023-05-03 15:09:52.669,2023-05-03 15:09:52.6,-169.92,-138.861481,-31.058517168945315,2
2023-05-03 15:09:52.702,2023-05-03 15:09:52.6,-169.82,-138.861481,-30.958526324218752,2
2023-05-03 15:09:52.736,2023-05-03 15:09:52.6,-169.83,-138.861481,-30.96852083105469,2
2023-05-03 15:09:52.766,2023-05-03 15:09:52.6,-169.89,-138.861481,-31.02851838964844,2
2023-05-03 15:09:52.798,2023-05-03 15:09:52.6,-170.04,-138.861481,-31.178512286132815,2
2023-05-03 15:09:52.831,2023-05-03 15:09:52.6,-170.19,-138.861481,-31.328521441406252,2
2023-05-03 15:09:52.868,2023-05-03 15:09:52.6,-170.14,-138.861481,-31.27851838964844,2
2023-05-03 15:09:52.898,2023-05-03 15:09:52.8,-169.84,-122.971611,-46.86838533789063,2
2023-05-03 15:09:52.935,2023-05-03 15:09:52.8,-169.27,-122.971611,-46.29839327246094,2
2023-05-03 15:09:52.966,2023-05-03 15:09:53.0,-168.65,-122.971611,-45.67838289648438,2
2023-05-03 15:09:53.002,2023-05-03 15:09:53.2,-167.9,-123.598938,-44.30105589648437,2
2023-05-03 15:09:53.042,2023-05-03 15:09:53.2,-167.15,-123.598938,-43.55105589648437,2
2023-05-03 15:09:53.068,2023-05-03 15:09:53.2,-166.39,-123.598938,-42.79106138964843,2
2023-05-03 15:09:53.099,2023-05-03 15:09:53.4,-165.71,-123.598938,-42.11106871386718,2
2023-05-03 15:09:53.139,2023-05-03 15:09:53.4,-165.06,-123.598938,-41.461059558593746,2
2023-05-03 15:09:53.169,2023-05-03 15:09:53.4,-164.52,-120.969643,-43.55036127246093,2
2023-05-03 15:09:53.203,2023-05-03 15:09:53.4,-164.04,-120.969643,-43.07035028613281,2
2023-05-03 15:09:53.239,2023-05-03 15:09:53.4,-163.66,-120.969643,-42.69036066210937,2
2023-05-03 15:09:53.269,2023-05-03 15:09:53.4,-163.29,-120.969643,-42.32035028613281,2
2023-05-03 15:09:53.3,2023-05-03 15:09:53.4,-162.87,-120.969643,-41.900352117187495,2
2023-05-03 15:09:53.338,2023-05-03 15:09:53.4,-162.27,-120.969643,-41.30036127246093,2
2023-05-03 15:09:53.369,2023-05-03 15:09:53.4,-161.43,-120.969643,-40.460349675781245,2
2023-05-03 15:09:53.401,2023-05-03 15:09:53.6,-160.4,-117.366135,-43.033858896484375,2
2023-05-03 15:09:53.438,2023-05-03 15:09:53.6,-159.4,-117.366135,-42.033858896484375,2
2023-05-03 15:09:53.467,2023-05-03 15:09:53.6,-158.53,-117.366135,-41.163863779296875,2
2023-05-03 15:09:53.504,2023-05-03 15:09:53.8,-157.69,-117.366135,-40.32386744140625,2
2023-05-03 15:09:53.544,2023-05-03 15:09:53.8,-156.79,-117.366135,-39.42385828613281,2
2023-05-03 15:09:53.573,2023-05-03 15:09:53.8,-155.77,-117.366135,-38.40386927246094,2
2023-05-03 15:09:53.602,2023-05-03 15:09:53.8,-154.79,-117.366135,-37.42385828613281,2
2023-05-03 15:09:53.633,2023-05-03 15:09:53.8,-153.95,-113.393356,-40.55664094824219,2
2023-05-03 15:09:53.672,2023-05-03 15:09:53.8,-153.0,-113.393356,-39.606644,2
2023-05-03 15:09:53.7,2023-05-03 15:09:53.8,-151.68,-113.393356,-38.28663667578125,2
2023-05-03 15:09:53.734,2023-05-03 15:09:53.8,-149.49,-113.393356,-36.096649493164065,2
2023-05-03 15:09:53.768,2023-05-03 15:09:54.0,-145.93,-113.393356,-32.53663667578125,2
2023-05-03 15:09:53.805,2023-05-03 15:09:54.0,-140.65,-107.885086,-32.764907896484374,2
2023-05-03 15:09:53.84,2023-05-03 15:09:54.0,-133.52,-107.885086,-25.634918272460936,2
2023-05-03 15:09:53.866,2023-05-03 15:09:54.0,-125.03,-107.885086,-17.144912779296874,2
2023-05-03 15:09:53.898,2023-05-03 15:09:54.2,-115.54,-107.885086,-7.654914915527343,2
2023-05-03 15:09:53.94,2023-05-03 15:09:54.2,-105.61,-107.885086,2.2750853896484386,2
2023-05-03 15:09:53.971,2023-05-03 15:09:54.2,-96.03,-107.885086,11.855087220703126,2
2023-05-03 15:09:54.008,2023-05-03 15:09:54.2,-87.52,-90.748245,3.228248356933591,2
2023-05-03 15:09:54.046,2023-05-03 15:09:54.2,-80.83,-90.748245,9.91824316894531,2
2023-05-03 15:09:54.077,2023-05-03 15:09:54.2,-76.42,-90.748245,14.328246831054685,2
2023-05-03 15:09:54.105,2023-05-03 15:09:54.2,-74.11,-90.748245,16.638244389648435,2
2023-05-03 15:09:54.14,2023-05-03 15:09:54.4,-73.57,-90.748245,17.17824530517578,2
2023-05-03 15:09:54.175,2023-05-03 15:09:54.4,-74.21,-90.748245,16.53824591552734,2
2023-05-03 15:09:54.217,2023-05-03 15:09:54.4,-75.45,-37.538349,-37.91164794824219,2
2023-05-03 15:09:54.24,2023-05-03 15:09:54.4,-76.9,-37.538349,-39.36165252587891,2
2023-05-03 15:09:54.281,2023-05-03 15:09:54.6,-78.19,-37.538349,-40.65165344140625,2
2023-05-03 15:09:54.306,2023-05-03 15:09:54.6,-79.18,-37.538349,-41.641651305175785,2
2023-05-03 15:09:54.346,2023-05-03 15:09:54.6,-79.84,-37.538349,-42.30164733789063,2
2023-05-03 15:09:54.372,2023-05-03 15:09:54.6,-80.25,-37.538349,-42.711651,2
2023-05-03 15:09:54.406,2023-05-03 15:09:54.6,-80.38,-29.648697,-50.73130025341797,2
2023-05-03 15:09:54.442,2023-05-03 15:09:54.6,-80.17,-29.648697,-50.521301168945314,2
2023-05-03 15:09:54.481,2023-05-03 15:09:54.6,-79.57,-29.648697,-49.92130269482422,2
2023-05-03 15:09:54.508,2023-05-03 15:09:54.6,-78.58,-29.648697,-48.93130483105469,2
2023-05-03 15:09:54.539,2023-05-03 15:09:54.6,-77.42,-29.648697,-47.771301168945314,2
2023-05-03 15:09:54.572,2023-05-03 15:09:54.8,-76.28,-33.783253,-42.49674577929687,2
2023-05-03 15:09:54.607,2023-05-03 15:09:54.8,-75.25,-33.783253,-41.466747,2
2023-05-03 15:09:54.642,2023-05-03 15:09:54.8,-74.27,-33.783253,-40.486743643066404,2
2023-05-03 15:09:54.678,2023-05-03 15:09:54.8,-73.16,-33.783253,-39.37675066210937,2
2023-05-03 15:09:54.713,2023-05-03 15:09:54.8,-71.9,-33.783253,-38.116748525878904,2
2023-05-03 15:09:54.74,2023-05-03 15:09:54.8,-70.45,-33.783253,-36.666743948242186,2
2023-05-03 15:09:54.774,2023-05-03 15:09:54.8,-68.87,-33.783253,-35.08674974658203,2
2023-05-03 15:09:54.81,2023-05-03 15:09:55.0,-67.28,-28.26647,-39.01352877929688,2
2023-05-03 15:09:54.844,2023-05-03 15:09:55.0,-65.79,-28.26647,-37.523530915527346,2
2023-05-03 15:09:54.88,2023-05-03 15:09:55.0,-64.55,-28.26647,-36.283533051757814,2
2023-05-03 15:09:54.91,2023-05-03 15:09:55.0,-63.54,-28.26647,-35.273530915527346,2
2023-05-03 15:09:54.945,2023-05-03 15:09:55.2,-62.84,-28.26647,-34.57353015258789,2
2023-05-03 15:09:54.979,2023-05-03 15:09:55.2,-62.32,-28.26647,-34.05352969482422,2
2023-05-03 15:09:55.019,2023-05-03 15:09:55.2,-61.94,-20.093452,-41.846546626708985,2
2023-05-03 15:09:55.046,2023-05-03 15:09:55.2,-61.54,-20.093452,-41.446548915527345,2
2023-05-03 15:09:55.084,2023-05-03 15:09:55.4,-61.1,-20.093452,-41.006546474121095,2
2023-05-03 15:09:55.111,2023-05-03 15:09:55.4,-60.69,-20.093452,-40.596546626708985,2
2023-05-03 15:09:55.145,2023-05-03 15:09:55.4,-60.42,-20.093452,-40.32654616894531,2
2023-05-03 15:09:55.175,2023-05-03 15:09:55.4,-60.4,-20.093452,-40.30654952587891,2
2023-05-03 15:09:55.205,2023-05-03 15:09:55.4,-60.77,-15.237855,-45.532145457763676,2
2023-05-03 15:09:55.243,2023-05-03 15:09:55.4,-61.47,-15.237855,-46.23214622070313,2
2023-05-03 15:09:55.278,2023-05-03 15:09:55.4,-62.21,-15.237855,-46.97214408447266,2
2023-05-03 15:09:55.306,2023-05-03 15:09:55.4,-62.71,-15.237855,-47.47214408447266,2
2023-05-03 15:09:55.339,2023-05-03 15:09:55.6,-62.57,-15.237855,-47.33214469482422,2
2023-05-03 15:09:55.377,2023-05-03 15:09:55.6,-61.51,-15.237855,-46.27214332153321,2
2023-05-03 15:09:55.412,2023-05-03 15:09:55.6,-59.16,-14.530951,-44.62904884741211,2
2023-05-03 15:09:55.444,2023-05-03 15:09:55.6,-55.31,-14.530951,-40.779050373291014,2
2023-05-03 15:09:55.476,2023-05-03 15:09:55.6,-50.22,-14.530951,-35.68905022070312,2
2023-05-03 15:09:55.505,2023-05-03 15:09:55.6,-44.25,-14.530951,-29.719049,2
2023-05-03 15:09:55.531,2023-05-03 15:09:55.8,-37.91,-14.530951,-23.379048847412108,2
2023-05-03 15:09:55.578,2023-05-03 15:09:55.8,-31.35,-14.530951,-16.819049381469725,2
2023-05-03 15:09:55.612,2023-05-03 15:09:55.8,-24.59,-14.530951,-10.05904915258789,2
2023-05-03 15:09:55.643,2023-05-03 15:09:55.8,-17.8,-11.334218,-6.465781237060547,2
2023-05-03 15:09:55.679,2023-05-03 15:09:55.8,-11.34,-11.334218,-0.005782152587890721,2
2023-05-03 15:09:55.717,2023-05-03 15:09:55.8,-5.24,-11.334218,6.094218228881836,2
2023-05-03 15:09:55.749,2023-05-03 15:09:55.8,0.44,-11.334218,11.774217997615814,2
2023-05-03 15:09:55.781,2023-05-03 15:09:56.0,5.27,-11.334218,16.604217980926514,2
2023-05-03 15:09:55.811,2023-05-03 15:09:56.0,9.25,24.35503,-15.10503,2
2023-05-03 15:09:55.844,2023-05-03 15:09:56.0,12.57,24.35503,-11.78503030517578,2
2023-05-03 15:09:55.875,2023-05-03 15:09:56.2,15.08,24.35503,-9.275030076293945,2
2023-05-03 15:09:55.91,2023-05-03 15:09:56.2,16.76,24.35503,-7.595029771118163,2
2023-05-03 15:09:55.943,2023-05-03 15:09:56.2,17.78,24.35503,-6.5750293133544915,2
2023-05-03 15:09:55.977,2023-05-03 15:09:56.2,18.29,24.35503,-6.0650290844726555,2
2023-05-03 15:09:56.009,2023-05-03 15:09:56.2,18.6,24.35503,-5.755029618530273,2
2023-05-03 15:09:56.043,2023-05-03 15:09:56.2,19.02,56.82056,-37.80055954223633,2
2023-05-03 15:09:56.076,2023-05-03 15:09:56.2,19.73,56.82056,-37.09056045776367,2
2023-05-03 15:09:56.109,2023-05-03 15:09:56.4,20.69,56.82056,-36.13055946594238,2
2023-05-03 15:09:56.143,2023-05-03 15:09:56.4,21.62,56.82056,-35.2005591607666,2
2023-05-03 15:09:56.176,2023-05-03 15:09:56.4,22.43,56.82056,-34.39055969482422,2
2023-05-03 15:09:56.209,2023-05-03 15:09:56.4,23.13,65.083496,-41.953496839233395,2
2023-05-03 15:09:56.243,2023-05-03 15:09:56.4,23.56,65.083496,-41.523496534057614,2
2023-05-03 15:09:56.279,2023-05-03 15:09:56.4,23.69,65.083496,-41.39349546594238,2
2023-05-03 15:09:56.31,2023-05-03 15:09:56.4,23.46,65.083496,-41.62349691552734,2
2023-05-03 15:09:56.344,2023-05-03 15:09:56.4,23.03,65.083496,-42.05349531335449,2
2023-05-03 15:09:56.378,2023-05-03 15:09:56.6,22.44,69.95681,-47.51680946594239,2
2023-05-03 15:09:56.412,2023-05-03 15:09:56.6,21.89,69.95681,-48.06681061035157,2
2023-05-03 15:09:56.446,2023-05-03 15:09:56.6,21.3,69.95681,-48.65681076293946,2
2023-05-03 15:09:56.478,2023-05-03 15:09:56.6,20.69,69.95681,-49.26680946594239,2
2023-05-03 15:09:56.512,2023-05-03 15:09:56.6,19.91,69.95681,-50.046810152587895,2
2023-05-03 15:09:56.547,2023-05-03 15:09:56.8,19.11,69.95681,-50.84680938964844,2
2023-05-03 15:09:56.576,2023-05-03 15:09:56.8,18.5,69.95681,-51.456810000000004,2
2023-05-03 15:09:56.61,2023-05-03 15:09:56.8,18.28,68.438744,-50.15874331335449,2
2023-05-03 15:09:56.643,2023-05-03 15:09:56.8,18.65,68.438744,-49.788744381469726,2
2023-05-03 15:09:56.675,2023-05-03 15:09:56.8,19.25,68.438744,-49.188744,2
2023-05-03 15:09:56.711,2023-05-03 15:09:56.8,19.91,68.438744,-48.52874415258789,2
2023-05-03 15:09:56.744,2023-05-03 15:09:56.8,20.29,68.438744,-48.148743084472656,2
2023-05-03 15:09:56.775,2023-05-03 15:09:57.0,20.52,65.093941,-44.57394054223633,2
2023-05-03 15:09:56.813,2023-05-03 15:09:57.0,20.46,65.093941,-44.633941915527345,2
2023-05-03 15:09:56.843,2023-05-03 15:09:57.0,20.63,65.093941,-44.4639418392334,2
2023-05-03 15:09:56.876,2023-05-03 15:09:57.0,21.1,65.093941,-43.993940618530274,2
2023-05-03 15:09:56.91,2023-05-03 15:09:57.2,21.98,65.093941,-43.11394145776367,2
2023-05-03 15:09:56.941,2023-05-03 15:09:57.2,22.96,65.093941,-42.133941915527345,2
2023-05-03 15:09:56.977,2023-05-03 15:09:57.2,23.85,65.093941,-41.243940618530274,2
2023-05-03 15:09:57.011,2023-05-03 15:09:57.2,24.58,67.291,-42.71100007629394,2
2023-05-03 15:09:57.046,2023-05-03 15:09:57.2,25.11,67.291,-42.180999389648434,2
2023-05-03 15:09:57.078,2023-05-03 15:09:57.2,25.48,67.291,-41.81100045776367,2
2023-05-03 15:09:57.11,2023-05-03 15:09:57.2,25.6,67.291,-41.69099961853027,2
2023-05-03 15:09:57.146,2023-05-03 15:09:57.4,25.53,67.291,-41.76099931335449,2
2023-05-03 15:09:57.181,2023-05-03 15:09:57.4,25.21,67.291,-42.08100091552734,2
2023-05-03 15:09:57.21,2023-05-03 15:09:57.4,24.61,71.604324,-46.99432338964844,2
2023-05-03 15:09:57.244,2023-05-03 15:09:57.4,23.75,71.604324,-47.854324000000005,2
2023-05-03 15:09:57.277,2023-05-03 15:09:57.4,22.87,71.604324,-48.73432316076661,2
2023-05-03 15:09:57.31,2023-05-03 15:09:57.4,22.13,71.604324,-49.474324839233404,2
2023-05-03 15:09:57.344,2023-05-03 15:09:57.6,21.68,71.604324,-49.924323694824224,2
2023-05-03 15:09:57.376,2023-05-03 15:09:57.6,21.55,71.604324,-50.05432476293946,2
2023-05-03 15:09:57.414,2023-05-03 15:09:57.6,21.61,71.428963,-49.81896238964843,2
2023-05-03 15:09:57.447,2023-05-03 15:09:57.6,21.83,71.428963,-49.59896307629394,2
2023-05-03 15:09:57.476,2023-05-03 15:09:57.8,22.04,71.428963,-49.38896208447265,2
2023-05-03 15:09:57.507,2023-05-03 15:09:57.8,22.23,71.428963,-49.19896345776367,2
2023-05-03 15:09:57.545,2023-05-03 15:09:57.8,22.34,71.428963,-49.088962847412105,2
2023-05-03 15:09:57.579,2023-05-03 15:09:57.8,22.39,71.428963,-49.03896361035156,2
2023-05-03 15:09:57.608,2023-05-03 15:09:57.8,22.44,68.722015,-46.28201446594238,2
2023-05-03 15:09:57.644,2023-05-03 15:09:57.8,22.5,68.722015,-46.222015,2
2023-05-03 15:09:57.675,2023-05-03 15:09:57.8,22.59,68.722015,-46.13201484741211,2
2023-05-03 15:09:57.708,2023-05-03 15:09:57.8,22.72,68.722015,-46.00201568664551,2
2023-05-03 15:09:57.745,2023-05-03 15:09:57.8,22.9,68.722015,-45.822015381469726,2
2023-05-03 15:09:57.775,2023-05-03 15:09:57.8,23.1,68.722015,-45.62201461853027,2
2023-05-03 15:09:57.806,2023-05-03 15:09:58.0,23.36,68.722015,-45.36201438964844,2
2023-05-03 15:09:57.855,2023-05-03 15:09:58.0,23.59,68.722015,-45.13201484741211,2
