Input,Time,Latitude,Longitude,Pitch,Yaw,Roll,Stonex_status
SMAR,2023-04-27 09:17:38.93,46.0657255,11.0969766,308.44,348.45,1.03,null
SMAR,2023-04-27 09:17:38.976,46.0657255,11.0969766,308.11,348.29,1.13,null
STON,2023-04-27 09:17:38.976,46.065726773,11.096974806,-1.32055,278.167557,0.068637,1
SMAR,2023-04-27 09:17:39.014,46.0657255,11.0969766,307.73,348.48,1.01,null
SMAR,2023-04-27 09:17:39.036,46.0657255,11.0969766,308.12,348.5,0.99,null
SMAR,2023-04-27 09:17:39.08,46.0657255,11.0969766,308.26,348.45,0.95,null
STON,2023-04-27 09:17:39.08,46.065726773,11.096974806,-1.320719,278.16571,0.067495,1
SMAR,2023-04-27 09:17:39.111,46.0657255,11.0969766,308.12,348.66,0.82,null
SMAR,2023-04-27 09:17:39.14,46.0657255,11.0969766,308.17,348.75,0.91,null
SMAR,2023-04-27 09:17:39.174,46.0657255,11.0969766,308.25,348.86,0.97,null
SMAR,2023-04-27 09:17:39.205,46.0657255,11.0969766,308.15,349.03,1.03,null
SMAR,2023-04-27 09:17:39.241,46.0657255,11.0969766,308.16,349.18,1.09,null
SMAR,2023-04-27 09:17:39.273,46.0657201,11.0969792,308.26,349.28,1.14,null
STON,2023-04-27 09:17:39.273,46.065726773,11.096974806,-1.322136,278.151855,0.068477,1
SMAR,2023-04-27 09:17:39.307,46.0657201,11.0969792,308.32,349.45,1.14,null
SMAR,2023-04-27 09:17:39.338,46.0657201,11.0969792,308.43,349.66,1.11,null
SMAR,2023-04-27 09:17:39.373,46.0657201,11.0969792,308.57,349.77,1.13,null
SMAR,2023-04-27 09:17:39.405,46.0657201,11.0969792,308.51,349.96,1.12,null
STON,2023-04-27 09:17:39.405,46.0657267785,11.096974829833334,-1.322136,278.151855,0.068477,1
STON,2023-04-27 09:17:39.405,46.0657267785,11.096974829833334,-1.322136,278.151855,0.068477,1
SMAR,2023-04-27 09:17:39.439,46.0657201,11.0969792,308.41,350.21,1.11,null
SMAR,2023-04-27 09:17:39.471,46.0657201,11.0969792,308.43,350.41,1.09,null
STON,2023-04-27 09:17:39.471,46.0657267785,11.096974829833334,-1.323524,278.150696,0.066621,1
SMAR,2023-04-27 09:17:39.509,46.0657201,11.0969792,308.43,350.67,1.06,null
SMAR,2023-04-27 09:17:39.537,46.0657201,11.0969792,308.4,351.0,1.06,null
SMAR,2023-04-27 09:17:39.571,46.0657201,11.0969792,308.35,351.3,1.1,null
SMAR,2023-04-27 09:17:39.602,46.0657201,11.0969792,308.3,351.61,1.16,null
SMAR,2023-04-27 09:17:39.635,46.0657201,11.0969792,308.34,351.84,1.17,null
SMAR,2023-04-27 09:17:39.67,46.0657201,11.0969792,308.41,352.03,1.19,null
SMAR,2023-04-27 09:17:39.704,46.0657201,11.0969792,308.48,352.28,1.2,null
STON,2023-04-27 09:17:39.704,46.0657267785,11.096974829833334,-1.325007,278.17310299999997,0.06642,1
SMAR,2023-04-27 09:17:39.734,46.065715,11.096982,308.54,352.41,1.21,null
SMAR,2023-04-27 09:17:39.768,46.065715,11.096982,308.56,352.47,1.29,null
SMAR,2023-04-27 09:17:39.801,46.065715,11.096982,308.69,352.44,1.39,null
SMAR,2023-04-27 09:17:39.834,46.065715,11.096982,308.84,352.39,1.44,null
SMAR,2023-04-27 09:17:39.868,46.065715,11.096982,308.97,352.45,1.52,null
SMAR,2023-04-27 09:17:39.901,46.065715,11.096982,309.13,352.48,1.58,null
SMAR,2023-04-27 09:17:39.933,46.065715,11.096982,309.22,352.41,1.57,null
STON,2023-04-27 09:17:39.933,46.0657267785,11.096974829833334,-1.323733,278.165421,0.063982,1
SMAR,2023-04-27 09:17:39.968,46.065715,11.096982,309.36,352.25,1.56,null
SMAR,2023-04-27 09:17:40.0,46.065715,11.096982,309.58,352.02,1.57,null
SMAR,2023-04-27 09:17:40.034,46.065712,11.0969837,309.73,351.76,1.57,null
SMAR,2023-04-27 09:17:40.066,46.065712,11.0969837,309.93,351.5,1.55,null
SMAR,2023-04-27 09:17:40.098,46.065712,11.0969837,310.08,351.18,1.59,null
STON,2023-04-27 09:17:40.098,46.0657267785,11.096974829833334,-1.326006,278.181313,0.065945,1
SMAR,2023-04-27 09:17:40.132,46.065712,11.0969837,310.06,350.89,1.59,null
SMAR,2023-04-27 09:17:40.165,46.065712,11.0969837,310.08,350.59,1.52,null
SMAR,2023-04-27 09:17:40.2,46.065712,11.0969837,310.23,350.16,1.44,null
SMAR,2023-04-27 09:17:40.232,46.0657087,11.0969851,310.31,349.82,1.39,null
SMAR,2023-04-27 09:17:40.265,46.0657087,11.0969851,310.27,349.53,1.36,null
SMAR,2023-04-27 09:17:40.298,46.0657087,11.0969851,310.33,349.09,1.42,null
STON,2023-04-27 09:17:40.298,46.0657267785,11.096974829833334,-1.326632,278.20439899999997,0.068304,1
SMAR,2023-04-27 09:17:40.332,46.0657087,11.0969851,310.37,348.72,1.5,null
STON,2023-04-27 09:17:40.332,46.06572678533333,11.096974849333334,-1.326632,278.20439899999997,0.068304,1
STON,2023-04-27 09:17:40.332,46.06572678533333,11.096974849333334,-1.326632,278.20439899999997,0.068304,1
SMAR,2023-04-27 09:17:40.365,46.0657087,11.0969851,310.35,348.45,1.51,null
SMAR,2023-04-27 09:17:40.396,46.0657087,11.0969851,310.37,348.27,1.46,null
SMAR,2023-04-27 09:17:40.43,46.0657087,11.0969851,310.39,348.11,1.41,null
SMAR,2023-04-27 09:17:40.464,46.0657087,11.0969851,310.39,347.99,1.29,null
STON,2023-04-27 09:17:40.464,46.06572678533333,11.096974849333334,-1.326748,278.20462,0.067616,1
SMAR,2023-04-27 09:17:40.498,46.0657087,11.0969851,310.34,347.99,1.1,null
SMAR,2023-04-27 09:17:40.531,46.0657087,11.0969851,310.22,348.05,0.93,null
SMAR,2023-04-27 09:17:40.566,46.0657087,11.0969851,310.18,347.98,0.85,null
SMAR,2023-04-27 09:17:40.596,46.0657087,11.0969851,310.18,347.85,0.78,null
SMAR,2023-04-27 09:17:40.629,46.0657087,11.0969851,310.04,347.87,0.69,null
SMAR,2023-04-27 09:17:40.662,46.0657087,11.0969851,309.99,348.04,0.6,null
STON,2023-04-27 09:17:40.662,46.06572678533333,11.096974849333334,-1.32916,278.209373,0.066481,1
SMAR,2023-04-27 09:17:40.704,46.0657087,11.0969851,310.03,348.19,0.57,null
SMAR,2023-04-27 09:17:40.728,46.0657087,11.0969851,310.13,348.36,0.52,null
SMAR,2023-04-27 09:17:40.761,46.0657087,11.0969851,310.31,348.46,0.6,null
SMAR,2023-04-27 09:17:40.794,46.0657087,11.0969851,310.55,348.5,0.71,null
SMAR,2023-04-27 09:17:40.828,46.0657087,11.0969851,310.84,348.58,0.77,null
SMAR,2023-04-27 09:17:40.864,46.0657087,11.0969851,310.84,348.96,0.65,null
SMAR,2023-04-27 09:17:40.897,46.0657087,11.0969851,310.8,349.3,0.63,null
SMAR,2023-04-27 09:17:40.929,46.0657087,11.0969851,310.86,349.41,0.66,null
SMAR,2023-04-27 09:17:40.961,46.0657087,11.0969851,310.87,349.4,0.62,null
SMAR,2023-04-27 09:17:40.998,46.0657087,11.0969851,310.8,349.39,0.52,null
SMAR,2023-04-27 09:17:41.029,46.0657087,11.0969851,310.81,349.35,0.42,null
SMAR,2023-04-27 09:17:41.06,46.0657087,11.0969851,310.82,349.43,0.26,null
SMAR,2023-04-27 09:17:41.093,46.0657087,11.0969851,310.79,349.49,0.13,null
SMAR,2023-04-27 09:17:41.126,46.0657087,11.0969851,310.76,349.49,0.08,null
SMAR,2023-04-27 09:17:41.176,46.0657087,11.0969851,310.66,349.53,0.04,null
SMAR,2023-04-27 09:17:41.209,46.0657087,11.0969851,310.64,349.6,0.02,null
STON,2023-04-27 09:17:41.209,46.06572678533333,11.096974849333334,-1.329434,278.206329,0.064877,1
SMAR,2023-04-27 09:17:41.241,46.0657051,11.096988,310.67,349.6,0.1,null
SMAR,2023-04-27 09:17:41.274,46.0657051,11.096988,310.62,349.65,0.15,null
STON,2023-04-27 09:17:41.274,46.06572678533333,11.096974849333334,-1.328639,278.191757,0.06281,1
SMAR,2023-04-27 09:17:41.308,46.0657051,11.096988,310.55,349.72,0.22,null
SMAR,2023-04-27 09:17:41.34,46.0657051,11.096988,310.45,349.78,0.27,null
STON,2023-04-27 09:17:41.34,46.065726789,11.096974856166666,-1.328639,278.191757,0.06281,1
STON,2023-04-27 09:17:41.34,46.065726789,11.096974856166666,-1.328639,278.191757,0.06281,1
SMAR,2023-04-27 09:17:41.384,46.0657051,11.096988,310.35,349.85,0.29,null
SMAR,2023-04-27 09:17:41.407,46.0657051,11.096988,310.33,349.95,0.28,null
SMAR,2023-04-27 09:17:41.44,46.0657051,11.096988,310.31,350.02,0.27,null
SMAR,2023-04-27 09:17:41.473,46.0657051,11.096988,310.19,350.11,0.26,null
STON,2023-04-27 09:17:41.473,46.065726789,11.096974856166666,-1.32789,278.19912,0.060409,1
SMAR,2023-04-27 09:17:41.507,46.0657051,11.096988,310.08,350.18,0.21,null
SMAR,2023-04-27 09:17:41.539,46.0657051,11.096988,310.12,350.29,0.03,null
SMAR,2023-04-27 09:17:41.581,46.0657051,11.096988,310.42,350.39,359.79,null
SMAR,2023-04-27 09:17:41.606,46.0657051,11.096988,310.75,350.4,359.66,null
SMAR,2023-04-27 09:17:41.639,46.0657051,11.096988,311.07,350.33,359.59,null
STON,2023-04-27 09:17:41.639,46.065726789,11.096974856166666,-1.327216,278.234413,0.058032,1
SMAR,2023-04-27 09:17:41.675,46.0657051,11.096988,311.42,350.26,359.58,null
SMAR,2023-04-27 09:17:41.705,46.0657051,11.096988,311.77,350.13,359.67,null
SMAR,2023-04-27 09:17:41.737,46.0657051,11.096988,311.93,350.12,359.65,null
SMAR,2023-04-27 09:17:41.771,46.0657051,11.096988,311.98,350.31,359.46,null
SMAR,2023-04-27 09:17:41.804,46.0657051,11.096988,311.99,350.63,359.15,null
SMAR,2023-04-27 09:17:41.839,46.0657051,11.096988,312.09,350.83,358.91,null
SMAR,2023-04-27 09:17:41.871,46.0657051,11.096988,312.14,350.91,358.81,null
SMAR,2023-04-27 09:17:41.904,46.0657051,11.096988,312.08,350.87,358.95,null
STON,2023-04-27 09:17:41.904,46.065726789,11.096974856166666,-1.329057,278.233215,0.056238,1
SMAR,2023-04-27 09:17:41.937,46.0657051,11.096988,311.94,350.67,359.23,null
SMAR,2023-04-27 09:17:41.97,46.0657051,11.096988,311.08,350.59,359.4,null
SMAR,2023-04-27 09:17:42.004,46.0657051,11.096988,310.25,350.62,359.51,null
SMAR,2023-04-27 09:17:42.038,46.0657051,11.096988,310.55,350.32,359.72,null
SMAR,2023-04-27 09:17:42.072,46.0657051,11.096988,311.02,350.07,359.94,null
STON,2023-04-27 09:17:42.072,46.065726789,11.096974856166666,-1.32979,278.22168,0.056637,1
SMAR,2023-04-27 09:17:42.124,46.0657051,11.096988,310.93,350.08,359.97,null
SMAR,2023-04-27 09:17:42.139,46.0657051,11.096988,310.81,350.04,359.97,null
SMAR,2023-04-27 09:17:42.185,46.0657051,11.096988,310.89,349.92,359.99,null
SMAR,2023-04-27 09:17:42.205,46.0657051,11.096988,310.94,349.86,0.06,null
SMAR,2023-04-27 09:17:42.236,46.0657051,11.096988,311.0,349.81,0.18,null
SMAR,2023-04-27 09:17:42.275,46.0657017,11.09699,311.2,349.78,0.28,null
SMAR,2023-04-27 09:17:42.303,46.0657017,11.09699,311.44,349.78,0.35,null
STON,2023-04-27 09:17:42.303,46.065726789,11.096974856166666,-1.333183,278.206818,0.053742,1
SMAR,2023-04-27 09:17:42.34,46.0657017,11.09699,311.68,349.72,0.44,null
SMAR,2023-04-27 09:17:42.369,46.0657017,11.09699,311.9,349.67,0.48,null
SMAR,2023-04-27 09:17:42.404,46.0657017,11.09699,312.04,349.56,0.57,null
STON,2023-04-27 09:17:42.404,46.06572679883333,11.096974869666667,-1.333183,278.206818,0.053742,1
STON,2023-04-27 09:17:42.404,46.06572679883333,11.096974869666667,-1.333183,278.206818,0.053742,1
SMAR,2023-04-27 09:17:42.434,46.0657017,11.09699,312.2,349.48,0.63,null
SMAR,2023-04-27 09:17:42.47,46.0657017,11.09699,312.4,349.42,0.65,null
SMAR,2023-04-27 09:17:42.5,46.0657017,11.09699,312.46,349.45,0.62,null
SMAR,2023-04-27 09:17:42.535,46.0657017,11.09699,312.54,349.48,0.59,null
SMAR,2023-04-27 09:17:42.567,46.0657017,11.09699,312.68,349.43,0.62,null
SMAR,2023-04-27 09:17:42.604,46.0657017,11.09699,312.78,349.38,0.63,null
SMAR,2023-04-27 09:17:42.636,46.0657017,11.09699,312.84,349.26,0.7,null
SMAR,2023-04-27 09:17:42.673,46.0657017,11.09699,312.88,349.16,0.76,null
SMAR,2023-04-27 09:17:42.701,46.0657017,11.09699,312.87,349.16,0.78,null
STON,2023-04-27 09:17:42.701,46.06572679883333,11.096974869666667,-1.334671,278.222664,0.056244,1
SMAR,2023-04-27 09:17:42.733,46.0657017,11.09699,312.82,349.18,0.82,null
SMAR,2023-04-27 09:17:42.767,46.0657017,11.09699,312.74,349.21,0.84,null
SMAR,2023-04-27 09:17:42.801,46.0657017,11.09699,312.6,349.31,0.81,null
SMAR,2023-04-27 09:17:42.833,46.0657017,11.09699,312.5,349.43,0.81,null
SMAR,2023-04-27 09:17:42.871,46.0657017,11.09699,312.39,349.54,0.86,null
SMAR,2023-04-27 09:17:42.904,46.0657017,11.09699,312.2,349.58,0.95,null
STON,2023-04-27 09:17:42.904,46.06572679883333,11.096974869666667,-1.337343,278.189041,0.058155,1
SMAR,2023-04-27 09:17:42.936,46.0657017,11.09699,311.97,349.59,1.05,null
SMAR,2023-04-27 09:17:42.963,46.0657017,11.09699,311.81,349.6,1.16,null
SMAR,2023-04-27 09:17:42.997,46.0657017,11.09699,311.73,349.64,1.28,null
SMAR,2023-04-27 09:17:43.03,46.0657017,11.09699,311.59,349.74,1.3,null
SMAR,2023-04-27 09:17:43.072,46.0657017,11.09699,311.41,349.9,1.24,null
STON,2023-04-27 09:17:43.072,46.06572679883333,11.096974869666667,-1.340139,278.206635,0.060335,1
SMAR,2023-04-27 09:17:43.101,46.0657017,11.09699,311.29,350.08,1.17,null
SMAR,2023-04-27 09:17:43.134,46.0657017,11.09699,311.3,350.25,1.16,null
SMAR,2023-04-27 09:17:43.163,46.0657017,11.09699,311.3,350.32,1.23,null
SMAR,2023-04-27 09:17:43.198,46.0657017,11.09699,311.16,350.37,1.28,null
SMAR,2023-04-27 09:17:43.233,46.0657017,11.09699,310.98,350.44,1.25,null
SMAR,2023-04-27 09:17:43.273,46.0657017,11.09699,310.86,350.51,1.2,null
SMAR,2023-04-27 09:17:43.3,46.0656987,11.0969919,310.86,350.51,1.26,null
STON,2023-04-27 09:17:43.3,46.06572679883333,11.096974869666667,-1.339721,278.207649,0.056745,1
SMAR,2023-04-27 09:17:43.341,46.0656987,11.0969919,311.03,350.44,1.38,null
SMAR,2023-04-27 09:17:43.371,46.0656987,11.0969919,311.17,350.45,1.37,null
SMAR,2023-04-27 09:17:43.4,46.0656987,11.0969919,311.26,350.41,1.33,null
STON,2023-04-27 09:17:43.4,46.065726805666664,11.0969748775,-1.339721,278.207649,0.056745,1
STON,2023-04-27 09:17:43.4,46.065726805666664,11.0969748775,-1.339721,278.207649,0.056745,1
SMAR,2023-04-27 09:17:43.442,46.0656987,11.0969919,311.21,350.54,1.13,null
SMAR,2023-04-27 09:17:43.469,46.0656987,11.0969919,311.04,350.71,0.87,null
STON,2023-04-27 09:17:43.469,46.065726805666664,11.0969748775,-1.337892,278.232712,0.057069,1
SMAR,2023-04-27 09:17:43.507,46.0656987,11.0969919,310.98,350.9,0.63,null
SMAR,2023-04-27 09:17:43.536,46.0656987,11.0969919,311.02,351.02,0.52,null
SMAR,2023-04-27 09:17:43.564,46.0656987,11.0969919,311.06,351.12,0.39,null
SMAR,2023-04-27 09:17:43.608,46.0656987,11.0969919,311.12,351.2,0.22,null
SMAR,2023-04-27 09:17:43.641,46.0656987,11.0969919,311.2,351.17,0.18,null
SMAR,2023-04-27 09:17:43.675,46.0656987,11.0969919,311.29,351.12,0.15,null
STON,2023-04-27 09:17:43.675,46.065726805666664,11.0969748775,-1.341568,278.259911,0.058853,1
SMAR,2023-04-27 09:17:43.709,46.0656987,11.0969919,311.37,351.12,0.1,null
SMAR,2023-04-27 09:17:43.742,46.0656987,11.0969919,311.41,351.05,0.14,null
SMAR,2023-04-27 09:17:43.776,46.0656987,11.0969919,311.39,350.97,0.18,null
SMAR,2023-04-27 09:17:43.808,46.0656987,11.0969919,311.4,350.99,0.2,null
SMAR,2023-04-27 09:17:43.842,46.0656987,11.0969919,311.57,350.92,0.32,null
SMAR,2023-04-27 09:17:43.875,46.0656987,11.0969919,311.68,350.81,0.46,null
STON,2023-04-27 09:17:43.875,46.065726805666664,11.0969748775,-1.340131,278.241982,0.058079,1
SMAR,2023-04-27 09:17:43.912,46.0656987,11.0969919,311.86,350.67,0.54,null
SMAR,2023-04-27 09:17:43.942,46.0656987,11.0969919,312.04,350.6,0.56,null
SMAR,2023-04-27 09:17:43.973,46.0656987,11.0969919,312.29,350.54,0.59,null
SMAR,2023-04-27 09:17:44.005,46.0656987,11.0969919,312.67,350.37,0.69,null
SMAR,2023-04-27 09:17:44.04,46.0656987,11.0969919,312.89,350.15,0.84,null
SMAR,2023-04-27 09:17:44.074,46.0656987,11.0969919,312.95,350.01,0.9,null
STON,2023-04-27 09:17:44.074,46.065726805666664,11.0969748775,-1.339961,278.208389,0.056684,1
SMAR,2023-04-27 09:17:44.104,46.0656987,11.0969919,312.97,349.87,0.96,null
SMAR,2023-04-27 09:17:44.145,46.0656987,11.0969919,313.01,349.68,1.07,null
SMAR,2023-04-27 09:17:44.185,46.0656987,11.0969919,313.11,349.57,1.11,null
SMAR,2023-04-27 09:17:44.206,46.0656987,11.0969919,313.22,349.48,1.15,null
SMAR,2023-04-27 09:17:44.237,46.0656978,11.096993,313.28,349.42,1.1,null
SMAR,2023-04-27 09:17:44.273,46.0656978,11.096993,313.37,349.38,1.04,null
SMAR,2023-04-27 09:17:44.305,46.0656978,11.096993,313.37,349.36,0.96,null
SMAR,2023-04-27 09:17:44.339,46.0656978,11.096993,313.39,349.36,0.87,null
STON,2023-04-27 09:17:44.339,46.065726805666664,11.0969748775,-1.33973,278.183273,0.05746,1
STON,2023-04-27 09:17:44.339,46.06572679483333,11.0969748865,-1.33973,278.183273,0.05746,1
STON,2023-04-27 09:17:44.339,46.06572679483333,11.0969748865,-1.33973,278.183273,0.05746,1
SMAR,2023-04-27 09:17:44.373,46.0656978,11.096993,313.45,349.32,0.81,null
SMAR,2023-04-27 09:17:44.404,46.0656978,11.096993,313.49,349.24,0.83,null
SMAR,2023-04-27 09:17:44.447,46.0656978,11.096993,313.47,349.2,0.84,null
SMAR,2023-04-27 09:17:44.474,46.0656978,11.096993,313.47,349.18,0.81,null
STON,2023-04-27 09:17:44.474,46.06572679483333,11.0969748865,-1.338542,278.189217,0.05655,1
SMAR,2023-04-27 09:17:44.506,46.0656978,11.096993,313.52,349.15,0.77,null
SMAR,2023-04-27 09:17:44.542,46.0656978,11.096993,313.53,349.09,0.76,null
SMAR,2023-04-27 09:17:44.571,46.0656978,11.096993,313.47,349.06,0.73,null
SMAR,2023-04-27 09:17:44.602,46.0656978,11.096993,313.33,349.15,0.63,null
SMAR,2023-04-27 09:17:44.634,46.0656978,11.096993,313.27,349.25,0.52,null
SMAR,2023-04-27 09:17:44.673,46.0656978,11.096993,313.25,349.21,0.53,null
STON,2023-04-27 09:17:44.673,46.06572679483333,11.0969748865,-1.338958,278.167877,0.052292,1
SMAR,2023-04-27 09:17:44.706,46.0656978,11.096993,313.18,349.13,0.54,null
SMAR,2023-04-27 09:17:44.743,46.0656978,11.096993,313.06,349.22,0.42,null
SMAR,2023-04-27 09:17:44.776,46.0656978,11.096993,312.92,349.31,0.44,null
SMAR,2023-04-27 09:17:44.812,46.0656978,11.096993,312.91,349.15,0.66,null
SMAR,2023-04-27 09:17:44.842,46.0656978,11.096993,312.88,348.95,0.88,null
SMAR,2023-04-27 09:17:44.878,46.0656978,11.096993,312.77,348.86,1.01,null
SMAR,2023-04-27 09:17:44.907,46.0656978,11.096993,312.6,348.9,1.05,null
SMAR,2023-04-27 09:17:44.945,46.0656978,11.096993,312.47,348.9,1.1,null
SMAR,2023-04-27 09:17:44.972,46.0656976,11.0969938,312.31,348.92,1.1,null
STON,2023-04-27 09:17:44.972,46.06572679483333,11.0969748865,-1.341777,278.172142,0.052829,1
SMAR,2023-04-27 09:17:45.001,46.0656976,11.0969938,312.16,348.98,1.07,null
SMAR,2023-04-27 09:17:45.036,46.0656976,11.0969938,311.93,349.01,1.07,null
SMAR,2023-04-27 09:17:45.068,46.0656976,11.0969938,311.55,349.19,0.92,null
STON,2023-04-27 09:17:45.068,46.06572679483333,11.0969748865,-1.340422,278.183167,0.052864,1
SMAR,2023-04-27 09:17:45.105,46.0656976,11.0969938,311.11,349.31,0.8,null
SMAR,2023-04-27 09:17:45.141,46.0656976,11.0969938,310.89,349.3,0.82,null
SMAR,2023-04-27 09:17:45.179,46.0656976,11.0969938,310.73,349.44,0.87,null
SMAR,2023-04-27 09:17:45.216,46.0656976,11.0969938,310.49,349.75,0.79,null
SMAR,2023-04-27 09:17:45.248,46.0656976,11.0969938,310.22,350.0,0.75,null
SMAR,2023-04-27 09:17:45.283,46.0656968,11.0969959,310.1,350.12,0.87,null
STON,2023-04-27 09:17:45.283,46.06572679483333,11.0969748865,-1.342447,278.176109,0.052672,1
SMAR,2023-04-27 09:17:45.312,46.0656968,11.0969959,309.98,350.27,0.97,null
SMAR,2023-04-27 09:17:45.345,46.0656968,11.0969959,309.86,350.46,1.05,null
SMAR,2023-04-27 09:17:45.376,46.0656968,11.0969959,309.91,350.6,1.19,null
STON,2023-04-27 09:17:45.376,46.06572679666667,11.096974899833333,-1.342447,278.176109,0.052672,1
STON,2023-04-27 09:17:45.376,46.06572679666667,11.096974899833333,-1.342447,278.176109,0.052672,1
SMAR,2023-04-27 09:17:45.415,46.0656968,11.0969959,310.05,350.71,1.34,null
SMAR,2023-04-27 09:17:45.445,46.0656968,11.0969959,310.04,350.79,1.44,null
SMAR,2023-04-27 09:17:45.476,46.0656968,11.0969959,309.89,350.75,1.51,null
STON,2023-04-27 09:17:45.476,46.06572679666667,11.096974899833333,-1.342388,278.159058,0.054674,1
SMAR,2023-04-27 09:17:45.504,46.0656968,11.0969959,309.75,350.56,1.62,null
SMAR,2023-04-27 09:17:45.541,46.0656968,11.0969959,309.7,350.42,1.66,null
SMAR,2023-04-27 09:17:45.569,46.0656968,11.0969959,309.58,350.46,1.64,null
SMAR,2023-04-27 09:17:45.609,46.0656968,11.0969959,309.37,350.6,1.6,null
SMAR,2023-04-27 09:17:45.645,46.0656968,11.0969959,309.29,350.76,1.56,null
SMAR,2023-04-27 09:17:45.685,46.0656968,11.0969959,309.3,350.91,1.56,null
SMAR,2023-04-27 09:17:45.708,46.0656968,11.0969959,309.43,351.06,1.44,null
STON,2023-04-27 09:17:45.708,46.06572679666667,11.096974899833333,-1.340894,278.18821,0.054535,1
SMAR,2023-04-27 09:17:45.741,46.0656968,11.0969959,309.73,351.08,1.33,null
SMAR,2023-04-27 09:17:45.778,46.0656968,11.0969959,310.12,350.99,1.29,null
SMAR,2023-04-27 09:17:45.813,46.0656968,11.0969959,310.51,350.88,1.22,null
SMAR,2023-04-27 09:17:45.848,46.0656968,11.0969959,310.64,350.78,1.1,null
SMAR,2023-04-27 09:17:45.88,46.0656968,11.0969959,310.46,350.73,1.06,null
SMAR,2023-04-27 09:17:45.916,46.0656968,11.0969959,310.2,350.76,1.04,null
STON,2023-04-27 09:17:45.916,46.06572679666667,11.096974899833333,-1.342435,278.178703,0.056908,1
SMAR,2023-04-27 09:17:45.95,46.0656968,11.0969959,310.01,350.63,1.14,null
SMAR,2023-04-27 09:17:45.984,46.0656968,11.0969959,310.14,350.38,1.28,null
SMAR,2023-04-27 09:17:46.012,46.0656968,11.0969959,310.4,350.22,1.23,null
SMAR,2023-04-27 09:17:46.044,46.0656968,11.0969959,310.53,350.18,1.12,null
SMAR,2023-04-27 09:17:46.079,46.0656968,11.0969959,310.7,350.11,0.99,null
STON,2023-04-27 09:17:46.079,46.06572679666667,11.096974899833333,-1.344063,278.158257,0.056554,1
SMAR,2023-04-27 09:17:46.102,46.0656968,11.0969959,310.91,349.96,0.87,null
SMAR,2023-04-27 09:17:46.145,46.0656968,11.0969959,311.09,349.73,0.83,null
SMAR,2023-04-27 09:17:46.182,46.0656968,11.0969959,311.34,349.46,0.85,null
SMAR,2023-04-27 09:17:46.217,46.0656968,11.0969959,311.78,349.18,0.87,null
SMAR,2023-04-27 09:17:46.248,46.0656968,11.0969959,312.19,348.92,0.93,null
SMAR,2023-04-27 09:17:46.28,46.0656966,11.0969984,312.58,348.79,0.91,null
SMAR,2023-04-27 09:17:46.31,46.0656966,11.0969984,312.9,348.86,0.79,null
SMAR,2023-04-27 09:17:46.343,46.0656966,11.0969984,313.09,348.94,0.78,null
SMAR,2023-04-27 09:17:46.377,46.0656966,11.0969984,313.45,348.9,0.86,null
SMAR,2023-04-27 09:17:46.409,46.0656966,11.0969984,313.86,348.73,1.01,null
SMAR,2023-04-27 09:17:46.443,46.0656966,11.0969984,314.26,348.55,1.11,null
SMAR,2023-04-27 09:17:46.476,46.0656966,11.0969984,314.5,348.47,1.11,null
SMAR,2023-04-27 09:17:46.516,46.0656966,11.0969984,314.65,348.39,1.23,null
SMAR,2023-04-27 09:17:46.545,46.0656966,11.0969984,314.67,348.25,1.44,null
SMAR,2023-04-27 09:17:46.582,46.0656966,11.0969984,314.55,348.07,1.66,null
STON,2023-04-27 09:17:46.582,46.06572679666667,11.096974899833333,-1.340901,278.176308,0.059244,1
SMAR,2023-04-27 09:17:46.608,46.0656966,11.0969984,314.41,347.97,1.74,null
SMAR,2023-04-27 09:17:46.647,46.0656966,11.0969984,314.43,347.9,1.8,null
SMAR,2023-04-27 09:17:46.688,46.0656966,11.0969984,314.68,347.81,1.88,null
STON,2023-04-27 09:17:46.688,46.065726816,11.096974928666667,-1.340901,278.176308,0.059244,1
SMAR,2023-04-27 09:17:46.713,46.0656966,11.0969984,315.14,347.77,1.87,null
STON,2023-04-27 09:17:46.713,46.065726816,11.096974928666667,-1.340901,278.176308,0.059244,1
STON,2023-04-27 09:17:46.713,46.065726816,11.096974928666667,-1.343284,278.175591,0.059019,1
STON,2023-04-27 09:17:46.713,46.065726816,11.096974928666667,-1.342512,278.186623,0.060916,1
SMAR,2023-04-27 09:17:46.746,46.0656966,11.0969984,315.52,347.64,1.92,null
SMAR,2023-04-27 09:17:46.786,46.0656966,11.0969984,315.86,347.31,2.12,null
SMAR,2023-04-27 09:17:46.811,46.0656966,11.0969984,316.22,346.99,2.37,null
SMAR,2023-04-27 09:17:46.845,46.0656966,11.0969984,316.53,346.71,2.65,null
SMAR,2023-04-27 09:17:46.876,46.0656966,11.0969984,316.71,346.61,2.85,null
STON,2023-04-27 09:17:46.876,46.065726816,11.096974928666667,-1.344347,278.208595,0.057351,1
SMAR,2023-04-27 09:17:46.918,46.0656966,11.0969984,316.73,346.66,2.94,null
SMAR,2023-04-27 09:17:46.945,46.0656966,11.0969984,317.01,346.69,2.87,null
SMAR,2023-04-27 09:17:46.976,46.0656966,11.0969984,317.01,346.67,2.6,null
SMAR,2023-04-27 09:17:47.009,46.0656966,11.0969984,316.38,346.55,2.22,null
SMAR,2023-04-27 09:17:47.042,46.0656966,11.0969984,315.61,346.33,1.82,null
SMAR,2023-04-27 09:17:47.076,46.0656966,11.0969984,314.98,346.02,1.33,null
STON,2023-04-27 09:17:47.076,46.065726816,11.096974928666667,-1.345961,278.21788,0.056844,1
SMAR,2023-04-27 09:17:47.11,46.0656966,11.0969984,314.25,345.66,0.97,null
SMAR,2023-04-27 09:17:47.143,46.0656966,11.0969984,313.59,345.18,0.89,null
SMAR,2023-04-27 09:17:47.173,46.0656966,11.0969984,313.45,344.45,1.11,null
SMAR,2023-04-27 09:17:47.203,46.0656966,11.0969984,313.47,343.62,1.49,null
SMAR,2023-04-27 09:17:47.239,46.0656966,11.0969984,313.32,343.21,1.56,null
SMAR,2023-04-27 09:17:47.273,46.0656953,11.0970006,313.22,343.19,1.28,null
SMAR,2023-04-27 09:17:47.317,46.0656953,11.0970006,313.37,343.01,0.95,null
STON,2023-04-27 09:17:47.317,46.065726816,11.096974928666667,-1.347278,278.227081,0.057776,1
SMAR,2023-04-27 09:17:47.348,46.0656953,11.0970006,313.69,342.09,0.94,null
SMAR,2023-04-27 09:17:47.387,46.0656953,11.0970006,314.22,340.88,1.42,null
SMAR,2023-04-27 09:17:47.419,46.0656953,11.0970006,313.89,340.51,1.57,null
SMAR,2023-04-27 09:17:47.473,46.0656953,11.0970006,312.73,340.72,1.14,null
STON,2023-04-27 09:17:47.473,46.06572683383333,11.096974945166666,-1.347278,278.227081,0.057776,1
SMAR,2023-04-27 09:17:47.505,46.0656953,11.0970006,312.42,340.17,1.33,null
STON,2023-04-27 09:17:47.505,46.06572683383333,11.096974945166666,-1.347278,278.227081,0.057776,1
STON,2023-04-27 09:17:47.505,46.06572683383333,11.096974945166666,-1.346534,278.243996,0.05711,1
SMAR,2023-04-27 09:17:47.532,46.0656953,11.0970006,312.96,339.3,1.83,null
SMAR,2023-04-27 09:17:47.569,46.0656953,11.0970006,312.77,339.18,1.81,null
SMAR,2023-04-27 09:17:47.6,46.0656953,11.0970006,312.43,339.38,1.57,null
SMAR,2023-04-27 09:17:47.632,46.0656953,11.0970006,312.07,339.36,1.74,null
SMAR,2023-04-27 09:17:47.665,46.0656953,11.0970006,312.05,339.41,1.95,null
STON,2023-04-27 09:17:47.665,46.06572683383333,11.096974945166666,-1.350368,278.221565,0.056931,1
SMAR,2023-04-27 09:17:47.699,46.0656953,11.0970006,312.3,339.52,2.17,null
SMAR,2023-04-27 09:17:47.734,46.0656953,11.0970006,312.3,339.13,2.53,null
SMAR,2023-04-27 09:17:47.764,46.0656953,11.0970006,312.55,338.92,2.62,null
SMAR,2023-04-27 09:17:47.799,46.0656953,11.0970006,312.28,339.12,2.4,null
SMAR,2023-04-27 09:17:47.832,46.0656953,11.0970006,312.23,339.41,2.08,null
SMAR,2023-04-27 09:17:47.866,46.0656953,11.0970006,312.53,339.79,1.79,null
SMAR,2023-04-27 09:17:47.898,46.0656953,11.0970006,312.99,339.94,1.91,null
SMAR,2023-04-27 09:17:47.933,46.0656953,11.0970006,313.67,340.17,1.92,null
STON,2023-04-27 09:17:47.933,46.06572683383333,11.096974945166666,-1.348452,278.206993,0.055198,1
SMAR,2023-04-27 09:17:47.965,46.0656953,11.0970006,314.2,340.8,1.58,null
SMAR,2023-04-27 09:17:47.996,46.0656953,11.0970006,314.31,341.16,1.48,null
SMAR,2023-04-27 09:17:48.029,46.0656953,11.0970006,314.8,341.18,1.59,null
SMAR,2023-04-27 09:17:48.062,46.0656953,11.0970006,314.75,341.21,1.95,null
STON,2023-04-27 09:17:48.062,46.06572683383333,11.096974945166666,-1.348106,278.207832,0.053162,1
SMAR,2023-04-27 09:17:48.099,46.0656953,11.0970006,314.54,341.4,2.28,null
SMAR,2023-04-27 09:17:48.131,46.0656953,11.0970006,314.79,342.17,2.12,null
SMAR,2023-04-27 09:17:48.162,46.0656953,11.0970006,314.74,342.94,1.84,null
SMAR,2023-04-27 09:17:48.195,46.0656953,11.0970006,314.77,342.98,1.76,null
SMAR,2023-04-27 09:17:48.228,46.0656953,11.0970006,315.1,343.06,1.56,null
STON,2023-04-27 09:17:48.228,46.065726824,11.096974988166666,-1.348106,278.207832,0.053162,1
SMAR,2023-04-27 09:17:48.263,46.0656946,11.0970026,314.92,343.15,1.41,null
STON,2023-04-27 09:17:48.263,46.065726824,11.096974988166666,-1.345677,278.215202,0.052666,1
SMAR,2023-04-27 09:17:48.295,46.0656946,11.0970026,314.73,343.15,1.13,null
SMAR,2023-04-27 09:17:48.329,46.0656946,11.0970026,314.74,342.99,1.05,null
SMAR,2023-04-27 09:17:48.361,46.0656946,11.0970026,314.85,342.69,1.17,null
STON,2023-04-27 09:17:48.361,46.065726824,11.096974988166666,-1.345677,278.215202,0.052666,1
SMAR,2023-04-27 09:17:48.395,46.0656946,11.0970026,314.8,342.59,1.05,null
SMAR,2023-04-27 09:17:48.429,46.0656946,11.0970026,314.87,342.51,1.09,null
SMAR,2023-04-27 09:17:48.461,46.0656946,11.0970026,315.33,342.22,1.34,null
SMAR,2023-04-27 09:17:48.496,46.0656946,11.0970026,315.93,342.19,1.19,null
STON,2023-04-27 09:17:48.496,46.065726824,11.096974988166666,-1.344371,278.197861,0.051875,1
SMAR,2023-04-27 09:17:48.527,46.0656946,11.0970026,316.14,342.27,0.99,null
SMAR,2023-04-27 09:17:48.575,46.0656946,11.0970026,316.57,342.06,0.98,null
SMAR,2023-04-27 09:17:48.608,46.0656946,11.0970026,317.15,341.78,0.87,null
SMAR,2023-04-27 09:17:48.641,46.0656946,11.0970026,317.43,341.29,0.89,null
SMAR,2023-04-27 09:17:48.675,46.0656946,11.0970026,317.72,341.14,0.46,null
SMAR,2023-04-27 09:17:48.708,46.0656946,11.0970026,318.57,341.59,359.62,null
STON,2023-04-27 09:17:48.708,46.065726824,11.096974988166666,-1.343675,278.189529,0.049295,1
SMAR,2023-04-27 09:17:48.74,46.0656946,11.0970026,319.31,341.63,359.5,null
SMAR,2023-04-27 09:17:48.775,46.0656946,11.0970026,319.99,341.32,359.9,null
SMAR,2023-04-27 09:17:48.809,46.0656946,11.0970026,320.97,341.05,0.3,null
SMAR,2023-04-27 09:17:48.84,46.0656946,11.0970026,321.88,341.08,0.43,null
SMAR,2023-04-27 09:17:48.873,46.0656946,11.0970026,322.83,341.38,0.17,null
STON,2023-04-27 09:17:48.873,46.065726824,11.096974988166666,-1.346782,278.201866,0.048622,1
SMAR,2023-04-27 09:17:48.905,46.0656946,11.0970026,323.8,341.6,359.99,null
SMAR,2023-04-27 09:17:48.941,46.0656946,11.0970026,324.9,341.97,359.73,null
SMAR,2023-04-27 09:17:48.973,46.0656946,11.0970026,325.58,342.23,359.6,null
SMAR,2023-04-27 09:17:49.007,46.0656946,11.0970026,325.59,342.15,359.67,null
SMAR,2023-04-27 09:17:49.039,46.0656946,11.0970026,325.92,342.04,359.65,null
SMAR,2023-04-27 09:17:49.072,46.0656946,11.0970026,326.63,341.91,359.57,null
STON,2023-04-27 09:17:49.072,46.065726824,11.096974988166666,-1.347418,278.193924,0.049807,1
SMAR,2023-04-27 09:17:49.107,46.0656946,11.0970026,327.4,342.07,359.39,null
SMAR,2023-04-27 09:17:49.139,46.0656946,11.0970026,327.93,342.47,359.22,null
SMAR,2023-04-27 09:17:49.172,46.0656946,11.0970026,328.49,342.91,359.18,null
SMAR,2023-04-27 09:17:49.205,46.0656946,11.0970026,329.01,343.18,359.26,null
SMAR,2023-04-27 09:17:49.237,46.0656957,11.0970042,329.45,343.39,359.38,null
SMAR,2023-04-27 09:17:49.272,46.0656957,11.0970042,330.02,343.56,359.6,null
STON,2023-04-27 09:17:49.272,46.0657268225,11.096975012666666,-1.347418,278.193924,0.049807,1
STON,2023-04-27 09:17:49.272,46.0657268225,11.096975012666666,-1.345511,278.185654,0.051967,1
SMAR,2023-04-27 09:17:49.304,46.0656957,11.0970042,330.56,343.85,359.62,null
SMAR,2023-04-27 09:17:49.34,46.0656957,11.0970042,330.95,344.38,359.41,null
SMAR,2023-04-27 09:17:49.362,46.0656957,11.0970042,331.21,344.8,359.24,null
STON,2023-04-27 09:17:49.362,46.0657268225,11.096975012666666,-1.345511,278.185654,0.051967,1
SMAR,2023-04-27 09:17:49.41,46.0656957,11.0970042,331.53,344.87,359.23,null
SMAR,2023-04-27 09:17:49.439,46.0656957,11.0970042,331.71,344.87,359.32,null
SMAR,2023-04-27 09:17:49.471,46.0656957,11.0970042,331.71,344.97,359.4,null
STON,2023-04-27 09:17:49.471,46.0657268225,11.096975012666666,-1.344278,278.18924,0.051119,1
SMAR,2023-04-27 09:17:49.502,46.0656957,11.0970042,331.78,345.1,359.45,null
SMAR,2023-04-27 09:17:49.537,46.0656957,11.0970042,332.03,345.13,359.49,null
SMAR,2023-04-27 09:17:49.568,46.0656957,11.0970042,332.4,345.19,359.41,null
SMAR,2023-04-27 09:17:49.601,46.0656957,11.0970042,332.6,345.09,359.35,null
SMAR,2023-04-27 09:17:49.636,46.0656957,11.0970042,332.77,344.78,359.3,null
SMAR,2023-04-27 09:17:49.668,46.0656957,11.0970042,332.76,344.59,359.16,null
STON,2023-04-27 09:17:49.668,46.0657268225,11.096975012666666,-1.343721,278.205902,0.051931,1
SMAR,2023-04-27 09:17:49.701,46.0656957,11.0970042,332.66,344.45,359.1,null
SMAR,2023-04-27 09:17:49.736,46.0656957,11.0970042,332.75,344.27,359.12,null
SMAR,2023-04-27 09:17:49.768,46.0656957,11.0970042,332.78,344.25,359.15,null
SMAR,2023-04-27 09:17:49.802,46.0656957,11.0970042,332.78,344.02,359.41,null
SMAR,2023-04-27 09:17:49.832,46.0656957,11.0970042,333.04,343.29,359.8,null
STON,2023-04-27 09:17:49.832,46.0657268225,11.096975012666666,-1.345365,278.222702,0.050829,1
SMAR,2023-04-27 09:17:49.869,46.0656957,11.0970042,333.29,342.37,0.17,null
SMAR,2023-04-27 09:17:49.9,46.0656966,11.0970043,333.56,341.38,0.4,null
SMAR,2023-04-27 09:17:49.934,46.0656966,11.0970043,333.86,340.56,0.29,null
SMAR,2023-04-27 09:17:49.965,46.0656966,11.0970043,334.0,339.78,0.08,null
SMAR,2023-04-27 09:17:49.999,46.0656966,11.0970043,334.08,338.99,359.9,null
SMAR,2023-04-27 09:17:50.031,46.0656966,11.0970043,334.1,338.31,359.66,null
SMAR,2023-04-27 09:17:50.067,46.0656966,11.0970043,334.14,337.51,359.59,null
SMAR,2023-04-27 09:17:50.098,46.0656966,11.0970043,334.15,336.77,359.56,null
SMAR,2023-04-27 09:17:50.132,46.0656966,11.0970043,334.05,336.1,359.46,null
STON,2023-04-27 09:17:50.132,46.0657268225,11.096975012666666,-1.34578,278.248695,0.050694,1
SMAR,2023-04-27 09:17:50.165,46.0656966,11.0970043,333.97,335.36,359.32,null
SMAR,2023-04-27 09:17:50.198,46.0656966,11.0970043,333.91,334.57,359.23,null
SMAR,2023-04-27 09:17:50.23,46.0656966,11.0970043,333.97,333.89,359.15,null
SMAR,2023-04-27 09:17:50.266,46.0656983,11.0970047,333.76,333.5,359.07,null
STON,2023-04-27 09:17:50.266,46.065726875833334,11.096975094333333,-1.34578,278.248695,0.050694,1
SMAR,2023-04-27 09:17:50.296,46.0656983,11.0970047,333.45,333.15,359.04,null
SMAR,2023-04-27 09:17:50.331,46.0656983,11.0970047,333.11,332.89,358.99,null
SMAR,2023-04-27 09:17:50.364,46.0656983,11.0970047,332.48,332.68,359.04,null
SMAR,2023-04-27 09:17:50.396,46.0656983,11.0970047,331.86,332.73,358.96,null
STON,2023-04-27 09:17:50.396,46.065726875833334,11.096975094333333,-1.34728,278.261185,0.052444,1
STON,2023-04-27 09:17:50.396,46.065726875833334,11.096975094333333,-1.34728,278.261185,0.052444,1
SMAR,2023-04-27 09:17:50.431,46.0656983,11.0970047,331.48,332.41,359.01,null
SMAR,2023-04-27 09:17:50.463,46.0656983,11.0970047,331.52,331.9,359.19,null
SMAR,2023-04-27 09:17:50.502,46.0656983,11.0970047,331.36,331.5,359.34,null
STON,2023-04-27 09:17:50.502,46.065726875833334,11.096975094333333,-1.345552,278.28537,0.053927,1
SMAR,2023-04-27 09:17:50.543,46.0656983,11.0970047,331.02,330.67,359.67,null
SMAR,2023-04-27 09:17:50.56,46.0656983,11.0970047,330.79,329.9,359.73,null
SMAR,2023-04-27 09:17:50.6,46.0656983,11.0970047,330.8,328.97,359.84,null
SMAR,2023-04-27 09:17:50.627,46.0656983,11.0970047,331.01,328.01,0.03,null
SMAR,2023-04-27 09:17:50.661,46.0656983,11.0970047,331.39,327.49,0.11,null
STON,2023-04-27 09:17:50.661,46.065726875833334,11.096975094333333,-1.344753,278.262589,0.05271,1
SMAR,2023-04-27 09:17:50.695,46.0656983,11.0970047,331.7,327.26,0.23,null
SMAR,2023-04-27 09:17:50.726,46.0656983,11.0970047,331.9,327.16,0.34,null
SMAR,2023-04-27 09:17:50.759,46.0656983,11.0970047,331.82,327.02,0.47,null
SMAR,2023-04-27 09:17:50.795,46.0656983,11.0970047,331.61,326.68,0.49,null
SMAR,2023-04-27 09:17:50.845,46.0656983,11.0970047,331.46,326.22,0.39,null
SMAR,2023-04-27 09:17:50.876,46.0656983,11.0970047,331.33,325.83,0.08,null
STON,2023-04-27 09:17:50.876,46.065726875833334,11.096975094333333,-1.34136,278.236221,0.052669,1
SMAR,2023-04-27 09:17:50.91,46.0656983,11.0970047,330.96,325.51,359.78,null
SMAR,2023-04-27 09:17:50.928,46.0656983,11.0970047,330.69,324.93,359.61,null
SMAR,2023-04-27 09:17:50.975,46.0656983,11.0970047,330.38,324.37,359.44,null
SMAR,2023-04-27 09:17:51.01,46.0656983,11.0970047,330.15,323.7,359.37,null
SMAR,2023-04-27 09:17:51.042,46.0656983,11.0970047,330.0,322.98,359.45,null
SMAR,2023-04-27 09:17:51.074,46.0656983,11.0970047,330.34,321.83,359.67,null
SMAR,2023-04-27 09:17:51.108,46.0656983,11.0970047,330.79,320.62,359.87,null
SMAR,2023-04-27 09:17:51.142,46.0656983,11.0970047,330.91,319.77,359.95,null
STON,2023-04-27 09:17:51.142,46.065726875833334,11.096975094333333,-1.339759,278.23584700000004,0.048477,1
SMAR,2023-04-27 09:17:51.166,46.0656983,11.0970047,331.0,318.9,0.16,null
SMAR,2023-04-27 09:17:51.207,46.0656983,11.0970047,331.11,317.8,0.42,null
SMAR,2023-04-27 09:17:51.242,46.0656983,11.0970047,330.87,316.96,0.48,null
SMAR,2023-04-27 09:17:51.273,46.0657005,11.0970059,330.53,316.22,0.38,null
STON,2023-04-27 09:17:51.273,46.065726875833334,11.096975094333333,-1.338053,278.228172,0.046249,1
STON,2023-04-27 09:17:51.273,46.06572690483333,11.096975148666667,-1.338053,278.228172,0.046249,1
SMAR,2023-04-27 09:17:51.31,46.0657005,11.0970059,330.27,315.23,0.25,null
STON,2023-04-27 09:17:51.31,46.06572690483333,11.096975148666667,-1.338053,278.228172,0.046249,1
SMAR,2023-04-27 09:17:51.331,46.0657005,11.0970059,330.11,313.93,0.27,null
SMAR,2023-04-27 09:17:51.373,46.0657005,11.0970059,329.87,312.57,0.4,null
SMAR,2023-04-27 09:17:51.407,46.0657005,11.0970059,329.73,311.46,0.43,null
SMAR,2023-04-27 09:17:51.44,46.0657005,11.0970059,329.77,310.49,0.29,null
SMAR,2023-04-27 09:17:51.473,46.0657005,11.0970059,329.76,309.57,0.18,null
STON,2023-04-27 09:17:51.473,46.06572690483333,11.096975148666667,-1.339089,278.222054,0.047542,1
SMAR,2023-04-27 09:17:51.507,46.0657005,11.0970059,329.5,309.07,359.8,null
SMAR,2023-04-27 09:17:51.539,46.0657005,11.0970059,329.17,309.03,359.3,null
SMAR,2023-04-27 09:17:51.572,46.0657005,11.0970059,328.53,308.72,359.16,null
SMAR,2023-04-27 09:17:51.605,46.0657005,11.0970059,327.97,307.86,359.15,null
SMAR,2023-04-27 09:17:51.638,46.0657005,11.0970059,327.68,306.81,358.97,null
SMAR,2023-04-27 09:17:51.672,46.0657005,11.0970059,327.7,305.47,358.79,null
SMAR,2023-04-27 09:17:51.704,46.0657005,11.0970059,327.55,304.37,358.55,null
SMAR,2023-04-27 09:17:51.737,46.0657005,11.0970059,327.24,303.7,358.33,null
SMAR,2023-04-27 09:17:51.77,46.0657005,11.0970059,327.06,302.83,358.44,null
SMAR,2023-04-27 09:17:51.803,46.0657005,11.0970059,326.79,301.94,358.47,null
SMAR,2023-04-27 09:17:51.835,46.0657005,11.0970059,326.51,301.32,358.3,null
SMAR,2023-04-27 09:17:51.869,46.0657005,11.0970059,326.32,300.74,358.01,null
SMAR,2023-04-27 09:17:51.902,46.0657005,11.0970059,325.92,300.01,357.73,null
SMAR,2023-04-27 09:17:51.935,46.0657005,11.0970059,325.57,299.02,357.62,null
STON,2023-04-27 09:17:51.935,46.06572690483333,11.096975148666667,-1.339547,278.232056,0.048377,1
STON,2023-04-27 09:17:51.935,46.06572690483333,11.096975148666667,-1.339239,278.238228,0.04777,1
SMAR,2023-04-27 09:17:51.967,46.0657005,11.0970059,325.35,297.94,357.68,null
SMAR,2023-04-27 09:17:52.0,46.0657005,11.0970059,325.13,296.97,357.76,null
SMAR,2023-04-27 09:17:52.034,46.0657005,11.0970059,325.03,295.94,357.92,null
SMAR,2023-04-27 09:17:52.068,46.0657005,11.0970059,325.09,294.92,357.98,null
STON,2023-04-27 09:17:52.068,46.06572690483333,11.096975148666667,-1.341659,278.243172,0.048562,1
SMAR,2023-04-27 09:17:52.1,46.0657005,11.0970059,325.1,294.08,357.88,null
SMAR,2023-04-27 09:17:52.133,46.0657005,11.0970059,325.16,293.15,357.92,null
SMAR,2023-04-27 09:17:52.166,46.0657005,11.0970059,325.33,292.06,358.01,null
SMAR,2023-04-27 09:17:52.201,46.0657005,11.0970059,325.4,290.96,358.18,null
SMAR,2023-04-27 09:17:52.233,46.0657005,11.0970059,325.46,289.86,358.49,null
SMAR,2023-04-27 09:17:52.265,46.0657006,11.0970088,325.56,288.69,358.71,null
SMAR,2023-04-27 09:17:52.3,46.0657006,11.0970088,325.73,287.45,358.75,null
STON,2023-04-27 09:17:52.3,46.06572690483333,11.096975148666667,-1.345178,278.239548,0.04933,1
SMAR,2023-04-27 09:17:52.331,46.0657006,11.0970088,326.15,286.28,358.69,null
STON,2023-04-27 09:17:52.331,46.0657269455,11.096975143166667,-1.345178,278.239548,0.04933,1
SMAR,2023-04-27 09:17:52.364,46.0657006,11.0970088,326.64,285.28,358.69,null
SMAR,2023-04-27 09:17:52.399,46.0657006,11.0970088,326.98,284.43,358.76,null
STON,2023-04-27 09:17:52.399,46.0657269455,11.096975143166667,-1.345178,278.239548,0.04933,1
SMAR,2023-04-27 09:17:52.43,46.0657006,11.0970088,327.43,283.55,358.83,null
SMAR,2023-04-27 09:17:52.465,46.0657006,11.0970088,327.84,282.63,358.88,null
STON,2023-04-27 09:17:52.465,46.0657269455,11.096975143166667,-1.348432,278.23789999999997,0.052864,1
SMAR,2023-04-27 09:17:52.497,46.0657006,11.0970088,328.0,281.75,358.75,null
SMAR,2023-04-27 09:17:52.532,46.0657006,11.0970088,328.11,280.74,358.49,null
SMAR,2023-04-27 09:17:52.565,46.0657006,11.0970088,328.27,279.59,358.26,null
SMAR,2023-04-27 09:17:52.596,46.0657006,11.0970088,328.35,278.53,358.05,null
SMAR,2023-04-27 09:17:52.63,46.0657006,11.0970088,328.44,277.56,357.79,null
SMAR,2023-04-27 09:17:52.663,46.0657006,11.0970088,328.36,276.44,357.61,null
STON,2023-04-27 09:17:52.663,46.0657269455,11.096975143166667,-1.346346,278.250809,0.04942,1
SMAR,2023-04-27 09:17:52.695,46.0657006,11.0970088,328.09,275.18,357.61,null
SMAR,2023-04-27 09:17:52.731,46.0657006,11.0970088,327.87,274.09,357.55,null
SMAR,2023-04-27 09:17:52.767,46.0657006,11.0970088,327.68,273.26,357.5,null
SMAR,2023-04-27 09:17:52.801,46.0657006,11.0970088,327.47,272.19,357.78,null
SMAR,2023-04-27 09:17:52.838,46.0657006,11.0970088,327.28,271.07,358.09,null
SMAR,2023-04-27 09:17:52.867,46.0657006,11.0970088,327.15,270.27,358.22,null
SMAR,2023-04-27 09:17:52.897,46.0657006,11.0970088,327.05,269.53,358.33,null
STON,2023-04-27 09:17:52.897,46.0657269455,11.096975143166667,-1.346113,278.236221,0.048433,1
SMAR,2023-04-27 09:17:52.936,46.0657006,11.0970088,326.94,268.87,358.35,null
SMAR,2023-04-27 09:17:52.968,46.0657006,11.0970088,326.81,268.15,358.3,null
SMAR,2023-04-27 09:17:52.999,46.0657006,11.0970088,326.72,267.21,358.27,null
SMAR,2023-04-27 09:17:53.034,46.0657006,11.0970088,326.72,266.22,358.19,null
SMAR,2023-04-27 09:17:53.062,46.0657006,11.0970088,326.8,265.21,358.05,null
STON,2023-04-27 09:17:53.062,46.0657269455,11.096975143166667,-1.343691,278.2724,0.048592,1
SMAR,2023-04-27 09:17:53.095,46.0657006,11.0970088,326.96,264.06,357.97,null
SMAR,2023-04-27 09:17:53.131,46.0657006,11.0970088,327.1,263.05,357.86,null
SMAR,2023-04-27 09:17:53.161,46.0657006,11.0970088,327.29,262.08,357.74,null
SMAR,2023-04-27 09:17:53.195,46.0657006,11.0970088,327.28,261.01,357.75,null
SMAR,2023-04-27 09:17:53.229,46.0656986,11.0970114,326.97,260.21,357.79,null
SMAR,2023-04-27 09:17:53.267,46.0656986,11.0970114,326.78,259.7,357.74,null
STON,2023-04-27 09:17:53.267,46.0657269455,11.096975143166667,-1.343297,278.274559,0.048839,1
SMAR,2023-04-27 09:17:53.295,46.0656986,11.0970114,326.74,259.44,357.27,null
SMAR,2023-04-27 09:17:53.331,46.0656986,11.0970114,326.75,259.22,356.4,null
STON,2023-04-27 09:17:53.331,46.06572687366667,11.096975123666667,-1.343297,278.274559,0.048839,1
SMAR,2023-04-27 09:17:53.375,46.0656986,11.0970114,326.87,258.41,355.97,null
STON,2023-04-27 09:17:53.375,46.06572687366667,11.096975123666667,-1.343297,278.274559,0.048839,1
SMAR,2023-04-27 09:17:53.41,46.0656986,11.0970114,326.86,257.22,356.35,null
SMAR,2023-04-27 09:17:53.443,46.0656986,11.0970114,326.64,255.97,356.94,null
SMAR,2023-04-27 09:17:53.476,46.0656986,11.0970114,326.32,255.09,357.08,null
STON,2023-04-27 09:17:53.476,46.06572687366667,11.096975123666667,-1.345937,278.264671,0.049019,1
SMAR,2023-04-27 09:17:53.505,46.0656986,11.0970114,326.41,254.61,356.82,null
SMAR,2023-04-27 09:17:53.541,46.0656986,11.0970114,326.56,254.26,356.36,null
SMAR,2023-04-27 09:17:53.574,46.0656986,11.0970114,326.58,253.84,356.01,null
SMAR,2023-04-27 09:17:53.609,46.0656986,11.0970114,326.58,253.14,355.95,null
SMAR,2023-04-27 09:17:53.64,46.0656986,11.0970114,326.61,252.33,355.98,null
SMAR,2023-04-27 09:17:53.674,46.0656986,11.0970114,326.77,251.47,356.23,null
STON,2023-04-27 09:17:53.674,46.06572687366667,11.096975123666667,-1.347455,278.269073,0.04964,1
SMAR,2023-04-27 09:17:53.708,46.0656986,11.0970114,327.15,250.62,356.57,null
SMAR,2023-04-27 09:17:53.739,46.0656986,11.0970114,327.63,249.89,356.8,null
SMAR,2023-04-27 09:17:53.773,46.0656986,11.0970114,328.15,249.1,356.93,null
SMAR,2023-04-27 09:17:53.806,46.0656986,11.0970114,328.59,248.01,357.17,null
SMAR,2023-04-27 09:17:53.84,46.0656986,11.0970114,328.81,246.65,357.53,null
SMAR,2023-04-27 09:17:53.872,46.0656986,11.0970114,329.11,245.32,357.72,null
SMAR,2023-04-27 09:17:53.906,46.0656986,11.0970114,329.4,244.34,357.63,null
STON,2023-04-27 09:17:53.906,46.06572687366667,11.096975123666667,-1.348245,278.272667,0.051089,1
SMAR,2023-04-27 09:17:53.94,46.0656986,11.0970114,329.62,243.55,357.29,null
SMAR,2023-04-27 09:17:53.972,46.0656986,11.0970114,329.86,242.87,356.81,null
SMAR,2023-04-27 09:17:54.007,46.0656986,11.0970114,329.95,242.13,356.53,null
SMAR,2023-04-27 09:17:54.041,46.0656986,11.0970114,330.06,241.17,356.54,null
SMAR,2023-04-27 09:17:54.073,46.0656986,11.0970114,329.93,239.87,356.82,null
SMAR,2023-04-27 09:17:54.104,46.0656986,11.0970114,329.78,238.43,357.06,null
STON,2023-04-27 09:17:54.104,46.06572687366667,11.096975123666667,-1.350305,278.28508,0.051795,1
SMAR,2023-04-27 09:17:54.14,46.0656986,11.0970114,329.9,237.27,357.0,null
SMAR,2023-04-27 09:17:54.17,46.0656986,11.0970114,330.09,236.18,356.93,null
SMAR,2023-04-27 09:17:54.205,46.0656986,11.0970114,330.08,235.14,357.0,null
SMAR,2023-04-27 09:17:54.238,46.0656949,11.0970127,329.95,234.02,357.18,null
SMAR,2023-04-27 09:17:54.27,46.0656949,11.0970127,329.76,232.94,357.41,null
SMAR,2023-04-27 09:17:54.304,46.0656949,11.0970127,329.66,232.16,357.53,null
STON,2023-04-27 09:17:54.304,46.06572687366667,11.096975123666667,-1.349158,278.277794,0.04751,1
SMAR,2023-04-27 09:17:54.34,46.0656949,11.0970127,329.56,231.49,357.61,null
STON,2023-04-27 09:17:54.34,46.06572687316667,11.096975139666666,-1.349158,278.277794,0.04751,1
STON,2023-04-27 09:17:54.34,46.06572687316667,11.096975139666666,-1.349158,278.277794,0.04751,1
SMAR,2023-04-27 09:17:54.363,46.0656949,11.0970127,329.45,230.68,357.82,null
SMAR,2023-04-27 09:17:54.403,46.0656949,11.0970127,329.29,229.79,358.06,null
SMAR,2023-04-27 09:17:54.435,46.0656949,11.0970127,329.08,228.89,358.19,null
SMAR,2023-04-27 09:17:54.468,46.0656949,11.0970127,328.92,227.95,358.23,null
STON,2023-04-27 09:17:54.468,46.06572687316667,11.096975139666666,-1.346344,278.247833,0.044164,1
SMAR,2023-04-27 09:17:54.5,46.0656949,11.0970127,328.91,227.08,358.23,null
SMAR,2023-04-27 09:17:54.535,46.0656949,11.0970127,329.08,226.21,358.24,null
SMAR,2023-04-27 09:17:54.568,46.0656949,11.0970127,329.25,225.45,358.14,null
SMAR,2023-04-27 09:17:54.601,46.0656949,11.0970127,329.17,224.78,358.08,null
SMAR,2023-04-27 09:17:54.635,46.0656949,11.0970127,329.06,223.97,358.05,null
SMAR,2023-04-27 09:17:54.669,46.0656949,11.0970127,328.6,223.53,357.81,null
SMAR,2023-04-27 09:17:54.703,46.0656949,11.0970127,328.09,223.05,357.53,null
STON,2023-04-27 09:17:54.703,46.06572687316667,11.096975139666666,-1.34584,278.251839,0.045479,1
SMAR,2023-04-27 09:17:54.732,46.0656949,11.0970127,327.58,222.34,357.49,null
SMAR,2023-04-27 09:17:54.769,46.0656949,11.0970127,327.08,221.41,357.66,null
SMAR,2023-04-27 09:17:54.802,46.0656949,11.0970127,326.61,220.34,357.81,null
SMAR,2023-04-27 09:17:54.833,46.0656949,11.0970127,326.08,219.25,357.8,null
SMAR,2023-04-27 09:17:54.868,46.0656949,11.0970127,325.79,218.08,357.73,null
SMAR,2023-04-27 09:17:54.9,46.0656949,11.0970127,325.75,216.75,357.8,null
STON,2023-04-27 09:17:54.9,46.06572687316667,11.096975139666666,-1.348136,278.255806,0.045641,1
SMAR,2023-04-27 09:17:54.937,46.0656949,11.0970127,325.61,215.37,358.06,null
SMAR,2023-04-27 09:17:54.966,46.0656949,11.0970127,325.46,214.25,358.24,null
SMAR,2023-04-27 09:17:55.002,46.0656949,11.0970127,325.4,213.42,358.41,null
SMAR,2023-04-27 09:17:55.038,46.0656949,11.0970127,325.46,212.82,358.53,null
SMAR,2023-04-27 09:17:55.066,46.0656949,11.0970127,325.7,212.16,358.59,null
SMAR,2023-04-27 09:17:55.107,46.0656938,11.0970142,325.77,211.48,358.61,null
STON,2023-04-27 09:17:55.107,46.06572687316667,11.096975139666666,-1.346126,278.240921,0.048801,1
SMAR,2023-04-27 09:17:55.129,46.0656938,11.0970142,325.73,210.7,358.57,null
SMAR,2023-04-27 09:17:55.168,46.0656938,11.0970142,325.81,209.8,358.59,null
SMAR,2023-04-27 09:17:55.197,46.0656938,11.0970142,325.84,208.9,358.7,null
SMAR,2023-04-27 09:17:55.23,46.0656919,11.0970121,325.83,208.03,358.8,null
SMAR,2023-04-27 09:17:55.263,46.0656919,11.0970121,325.99,207.06,358.91,null
SMAR,2023-04-27 09:17:55.297,46.0656919,11.0970121,326.13,206.14,359.0,null
SMAR,2023-04-27 09:17:55.337,46.0656919,11.0970121,326.28,205.26,359.09,null
STON,2023-04-27 09:17:55.337,46.06572687316667,11.096975139666666,-1.349059,278.245293,0.048392,1
STON,2023-04-27 09:17:55.337,46.06572694983333,11.096975177666666,-1.349059,278.245293,0.048392,1
STON,2023-04-27 09:17:55.337,46.06572694983333,11.096975177666666,-1.349059,278.245293,0.048392,1
SMAR,2023-04-27 09:17:55.362,46.0656919,11.0970121,326.52,204.41,359.14,null
SMAR,2023-04-27 09:17:55.397,46.0656919,11.0970121,326.85,203.62,359.11,null
SMAR,2023-04-27 09:17:55.43,46.0656919,11.0970121,327.23,202.73,359.1,null
SMAR,2023-04-27 09:17:55.464,46.0656919,11.0970121,327.59,201.59,359.27,null
SMAR,2023-04-27 09:17:55.498,46.0656919,11.0970121,327.9,200.33,359.41,null
SMAR,2023-04-27 09:17:55.541,46.0656919,11.0970121,328.03,199.13,359.48,null
STON,2023-04-27 09:17:55.541,46.06572694983333,11.096975177666666,-1.352865,278.224518,0.046038,1
SMAR,2023-04-27 09:17:55.576,46.0656919,11.0970121,327.94,197.99,359.53,null
SMAR,2023-04-27 09:17:55.602,46.0656919,11.0970121,327.97,197.11,359.36,null
SMAR,2023-04-27 09:17:55.634,46.0656919,11.0970121,327.97,196.2,359.11,null
SMAR,2023-04-27 09:17:55.666,46.0656919,11.0970121,327.81,195.16,358.86,null
STON,2023-04-27 09:17:55.666,46.06572694983333,11.096975177666666,-1.35797,278.224045,0.048293,1
SMAR,2023-04-27 09:17:55.697,46.0656919,11.0970121,327.57,194.09,358.81,null
SMAR,2023-04-27 09:17:55.738,46.0656919,11.0970121,327.67,193.09,358.97,null
SMAR,2023-04-27 09:17:55.767,46.0656919,11.0970121,327.87,192.47,358.97,null
SMAR,2023-04-27 09:17:55.808,46.0656919,11.0970121,328.01,191.72,358.9,null
SMAR,2023-04-27 09:17:55.843,46.0656919,11.0970121,327.91,190.68,358.92,null
SMAR,2023-04-27 09:17:55.875,46.0656919,11.0970121,327.78,189.65,358.98,null
STON,2023-04-27 09:17:55.875,46.06572694983333,11.096975177666666,-1.358757,278.201393,0.047515,1
SMAR,2023-04-27 09:17:55.903,46.0656919,11.0970121,327.79,189.01,358.95,null
SMAR,2023-04-27 09:17:55.942,46.0656919,11.0970121,327.93,188.62,358.91,null
SMAR,2023-04-27 09:17:55.974,46.0656919,11.0970121,328.12,188.32,358.95,null
SMAR,2023-04-27 09:17:56.007,46.0656919,11.0970121,328.38,187.89,359.08,null
SMAR,2023-04-27 09:17:56.04,46.0656919,11.0970121,328.52,187.27,359.25,null
SMAR,2023-04-27 09:17:56.075,46.0656919,11.0970121,328.41,186.54,359.33,null
STON,2023-04-27 09:17:56.075,46.06572694983333,11.096975177666666,-1.356532,278.216156,0.048876,1
SMAR,2023-04-27 09:17:56.105,46.0656919,11.0970121,328.33,185.63,359.35,null
SMAR,2023-04-27 09:17:56.142,46.0656919,11.0970121,328.36,184.72,359.34,null
SMAR,2023-04-27 09:17:56.174,46.0656919,11.0970121,328.39,184.03,359.19,null
SMAR,2023-04-27 09:17:56.206,46.0656919,11.0970121,328.43,183.38,359.03,null
SMAR,2023-04-27 09:17:56.238,46.0656893,11.0970079,328.53,182.55,358.97,null
SMAR,2023-04-27 09:17:56.272,46.0656893,11.0970079,328.56,181.79,358.81,null
STON,2023-04-27 09:17:56.272,46.06572694983333,11.096975177666666,-1.358271,278.183754,0.044647,1
SMAR,2023-04-27 09:17:56.305,46.0656893,11.0970079,328.48,180.95,358.69,null
SMAR,2023-04-27 09:17:56.338,46.0656893,11.0970079,328.36,179.95,358.67,null
STON,2023-04-27 09:17:56.338,46.065726677,11.096975051,-1.358271,278.183754,0.044647,1
STON,2023-04-27 09:17:56.338,46.065726677,11.096975051,-1.358271,278.183754,0.044647,1
SMAR,2023-04-27 09:17:56.372,46.0656893,11.0970079,328.35,178.74,358.73,null
SMAR,2023-04-27 09:17:56.407,46.0656893,11.0970079,328.25,178.06,358.47,null
SMAR,2023-04-27 09:17:56.437,46.0656893,11.0970079,328.19,177.49,358.12,null
SMAR,2023-04-27 09:17:56.471,46.0656893,11.0970079,328.26,176.58,358.02,null
SMAR,2023-04-27 09:17:56.505,46.0656893,11.0970079,328.28,175.39,358.26,null
STON,2023-04-27 09:17:56.505,46.065726677,11.096975051,-1.360342,278.178902,0.044588,1
SMAR,2023-04-27 09:17:56.536,46.0656893,11.0970079,328.31,174.26,358.35,null
SMAR,2023-04-27 09:17:56.573,46.0656893,11.0970079,328.57,173.24,358.08,null
SMAR,2023-04-27 09:17:56.604,46.0656893,11.0970079,329.03,172.43,357.61,null
SMAR,2023-04-27 09:17:56.642,46.0656893,11.0970079,329.25,171.66,357.49,null
SMAR,2023-04-27 09:17:56.675,46.0656893,11.0970079,329.27,170.92,357.64,null
SMAR,2023-04-27 09:17:56.707,46.0656893,11.0970079,329.08,170.11,357.98,null
SMAR,2023-04-27 09:17:56.746,46.0656893,11.0970079,328.85,169.28,358.36,null
STON,2023-04-27 09:17:56.746,46.065726677,11.096975051,-1.359735,278.183868,0.042933,1
SMAR,2023-04-27 09:17:56.774,46.0656893,11.0970079,328.75,168.64,358.38,null
SMAR,2023-04-27 09:17:56.807,46.0656893,11.0970079,328.67,168.1,358.1,null
SMAR,2023-04-27 09:17:56.839,46.0656893,11.0970079,328.61,167.39,357.83,null
SMAR,2023-04-27 09:17:56.874,46.0656893,11.0970079,328.53,166.5,357.79,null
SMAR,2023-04-27 09:17:56.905,46.0656893,11.0970079,328.43,165.63,357.89,null
SMAR,2023-04-27 09:17:56.937,46.0656893,11.0970079,328.35,164.76,358.02,null
SMAR,2023-04-27 09:17:56.971,46.0656893,11.0970079,328.3,163.91,358.12,null
SMAR,2023-04-27 09:17:57.003,46.0656893,11.0970079,328.31,163.07,358.23,null
SMAR,2023-04-27 09:17:57.035,46.0656893,11.0970079,328.32,162.29,358.34,null
SMAR,2023-04-27 09:17:57.071,46.0656893,11.0970079,328.32,161.59,358.37,null
SMAR,2023-04-27 09:17:57.106,46.0656893,11.0970079,328.41,160.71,358.38,null
SMAR,2023-04-27 09:17:57.14,46.0656893,11.0970079,328.38,159.75,358.37,null
SMAR,2023-04-27 09:17:57.172,46.0656893,11.0970079,328.35,158.67,358.35,null
SMAR,2023-04-27 09:17:57.199,46.0656893,11.0970079,328.45,157.53,358.28,null
SMAR,2023-04-27 09:17:57.233,46.0656893,11.0970079,328.72,156.36,358.15,null
SMAR,2023-04-27 09:17:57.266,46.0656882,11.0970021,328.59,155.22,358.25,null
SMAR,2023-04-27 09:17:57.299,46.0656882,11.0970021,328.41,153.98,358.51,null
SMAR,2023-04-27 09:17:57.343,46.0656882,11.0970021,328.54,152.75,358.59,null
SMAR,2023-04-27 09:17:57.378,46.0656882,11.0970021,328.42,151.74,358.39,null
STON,2023-04-27 09:17:57.378,46.065726677,11.096975051,-1.359247,278.213165,0.043227,1
STON,2023-04-27 09:17:57.378,46.065726677,11.096975051,-1.359567,278.207123,0.044382,1
SMAR,2023-04-27 09:17:57.407,46.0656882,11.0970021,328.2,150.82,358.12,null
STON,2023-04-27 09:17:57.407,46.06572648383333,11.096974972333333,-1.359567,278.207123,0.044382,1
STON,2023-04-27 09:17:57.407,46.06572648383333,11.096974972333333,-1.359567,278.207123,0.044382,1
SMAR,2023-04-27 09:17:57.439,46.0656882,11.0970021,328.15,149.87,358.02,null
SMAR,2023-04-27 09:17:57.477,46.0656882,11.0970021,328.28,148.91,358.06,null
SMAR,2023-04-27 09:17:57.51,46.0656882,11.0970021,328.22,147.78,358.23,null
SMAR,2023-04-27 09:17:57.539,46.0656882,11.0970021,328.06,146.53,358.34,null
SMAR,2023-04-27 09:17:57.571,46.0656882,11.0970021,327.97,145.49,358.23,null
SMAR,2023-04-27 09:17:57.614,46.0656882,11.0970021,328.07,144.81,358.02,null
SMAR,2023-04-27 09:17:57.654,46.0656882,11.0970021,328.28,144.3,357.89,null
SMAR,2023-04-27 09:17:57.698,46.0656882,11.0970021,328.4,143.76,357.98,null
SMAR,2023-04-27 09:17:57.733,46.0656882,11.0970021,328.42,143.01,358.16,null
SMAR,2023-04-27 09:17:57.751,46.0656882,11.0970021,328.3,142.21,358.19,null
SMAR,2023-04-27 09:17:57.789,46.0656882,11.0970021,328.03,141.39,358.15,null
SMAR,2023-04-27 09:17:57.826,46.0656882,11.0970021,327.79,140.57,358.08,null
STON,2023-04-27 09:17:57.826,46.06572648383333,11.096974972333333,-1.358166,278.181046,0.045102,1
SMAR,2023-04-27 09:17:57.846,46.0656882,11.0970021,327.61,139.84,358.01,null
SMAR,2023-04-27 09:17:57.891,46.0656882,11.0970021,327.49,139.25,357.93,null
SMAR,2023-04-27 09:17:57.919,46.0656882,11.0970021,327.4,138.73,357.79,null
STON,2023-04-27 09:17:57.919,46.06572648383333,11.096974972333333,-1.356555,278.204773,0.048141,1
SMAR,2023-04-27 09:17:57.937,46.0656882,11.0970021,327.31,138.04,357.76,null
SMAR,2023-04-27 09:17:57.968,46.0656882,11.0970021,327.18,137.27,357.74,null
SMAR,2023-04-27 09:17:58.0,46.0656882,11.0970021,327.02,136.48,357.55,null
SMAR,2023-04-27 09:17:58.036,46.0656882,11.0970021,326.91,135.63,357.21,null
SMAR,2023-04-27 09:17:58.064,46.0656882,11.0970021,326.71,134.87,356.71,null
STON,2023-04-27 09:17:58.064,46.06572648383333,11.096974972333333,-1.355782,278.203568,0.045694,1
SMAR,2023-04-27 09:17:58.095,46.0656882,11.0970021,326.25,134.28,356.27,null
SMAR,2023-04-27 09:17:58.133,46.0656882,11.0970021,325.55,133.74,355.98,null
SMAR,2023-04-27 09:17:58.167,46.0656882,11.0970021,324.83,132.89,356.18,null
SMAR,2023-04-27 09:17:58.202,46.0656882,11.0970021,324.6,131.74,356.51,null
SMAR,2023-04-27 09:17:58.243,46.0656905,11.0969979,324.69,130.65,356.55,null
SMAR,2023-04-27 09:17:58.276,46.0656905,11.0969979,324.6,129.77,356.29,null
STON,2023-04-27 09:17:58.276,46.06572648383333,11.096974972333333,-1.358421,278.209496,0.044095,1
SMAR,2023-04-27 09:17:58.305,46.0656905,11.0969979,324.31,128.89,356.26,null
STON,2023-04-27 09:17:58.305,46.065726493,11.096974961166667,-1.358421,278.209496,0.044095,1
STON,2023-04-27 09:17:58.305,46.065726493,11.096974961166667,-1.358421,278.209496,0.044095,1
SMAR,2023-04-27 09:17:58.342,46.0656905,11.0969979,324.24,127.92,356.54,null
SMAR,2023-04-27 09:17:58.375,46.0656905,11.0969979,324.37,127.0,356.88,null
SMAR,2023-04-27 09:17:58.409,46.0656905,11.0969979,324.54,126.26,356.94,null
SMAR,2023-04-27 09:17:58.443,46.0656905,11.0969979,324.66,125.59,356.79,null
SMAR,2023-04-27 09:17:58.476,46.0656905,11.0969979,324.71,124.89,356.61,null
STON,2023-04-27 09:17:58.476,46.065726493,11.096974961166667,-1.357811,278.205269,0.040374,1
SMAR,2023-04-27 09:17:58.51,46.0656905,11.0969979,324.54,124.16,356.52,null
SMAR,2023-04-27 09:17:58.541,46.0656905,11.0969979,324.32,123.32,356.51,null
SMAR,2023-04-27 09:17:58.574,46.0656905,11.0969979,324.06,122.54,356.5,null
SMAR,2023-04-27 09:17:58.606,46.0656905,11.0969979,323.92,121.64,356.6,null
SMAR,2023-04-27 09:17:58.639,46.0656905,11.0969979,323.84,120.71,356.67,null
SMAR,2023-04-27 09:17:58.673,46.0656905,11.0969979,323.77,119.79,356.72,null
SMAR,2023-04-27 09:17:58.704,46.0656905,11.0969979,323.75,118.8,356.84,null
STON,2023-04-27 09:17:58.704,46.065726493,11.096974961166667,-1.356322,278.221519,0.040369,1
SMAR,2023-04-27 09:17:58.74,46.0656905,11.0969979,323.78,117.83,357.02,null
SMAR,2023-04-27 09:17:58.771,46.0656905,11.0969979,323.91,116.93,357.11,null
SMAR,2023-04-27 09:17:58.804,46.0656905,11.0969979,324.1,116.12,357.07,null
SMAR,2023-04-27 09:17:58.839,46.0656905,11.0969979,324.36,115.37,356.94,null
SMAR,2023-04-27 09:17:58.875,46.0656905,11.0969979,324.71,114.46,356.94,null
SMAR,2023-04-27 09:17:58.907,46.0656905,11.0969979,324.98,113.37,357.1,null
SMAR,2023-04-27 09:17:58.945,46.0656905,11.0969979,325.19,112.15,357.32,null
SMAR,2023-04-27 09:17:58.979,46.0656905,11.0969979,325.3,110.87,357.52,null
SMAR,2023-04-27 09:17:59.019,46.0656905,11.0969979,325.26,109.61,357.75,null
SMAR,2023-04-27 09:17:59.054,46.0656905,11.0969979,325.37,108.38,357.89,null
SMAR,2023-04-27 09:17:59.088,46.0656905,11.0969979,325.54,107.21,357.87,null
SMAR,2023-04-27 09:17:59.122,46.0656905,11.0969979,325.47,106.29,357.66,null
STON,2023-04-27 09:17:59.122,46.065726493,11.096974961166667,-1.358546,278.190315,0.036213,1
SMAR,2023-04-27 09:17:59.161,46.0656905,11.0969979,325.34,105.45,357.51,null
SMAR,2023-04-27 09:17:59.187,46.0656905,11.0969979,325.53,104.53,357.55,null
SMAR,2023-04-27 09:17:59.225,46.0656905,11.0969979,325.79,103.66,357.58,null
SMAR,2023-04-27 09:17:59.252,46.0656905,11.0969979,326.0,102.72,357.6,null
SMAR,2023-04-27 09:17:59.283,46.0656952,11.0969933,326.14,101.51,357.74,null
SMAR,2023-04-27 09:17:59.329,46.0656952,11.0969933,326.09,100.16,358.02,null
SMAR,2023-04-27 09:17:59.353,46.0656952,11.0969933,325.82,98.96,358.32,null
SMAR,2023-04-27 09:17:59.386,46.0656952,11.0969933,325.5,97.99,358.48,null
STON,2023-04-27 09:17:59.386,46.065726493,11.096974961166667,-1.359326,278.184074,0.032755,1
STON,2023-04-27 09:17:59.386,46.06572656816667,11.096975007666666,-1.359326,278.184074,0.032755,1
SMAR,2023-04-27 09:17:59.41,46.0656952,11.0969933,325.41,97.38,358.46,null
STON,2023-04-27 09:17:59.41,46.06572656816667,11.096975007666666,-1.359326,278.184074,0.032755,1
SMAR,2023-04-27 09:17:59.461,46.0656952,11.0969933,325.61,97.06,358.37,null
SMAR,2023-04-27 09:17:59.484,46.0656952,11.0969933,325.85,96.87,358.33,null
SMAR,2023-04-27 09:17:59.52,46.0656952,11.0969933,325.98,96.49,358.49,null
STON,2023-04-27 09:17:59.52,46.06572656816667,11.096975007666666,-1.362234,278.16387199999997,0.03321,1
SMAR,2023-04-27 09:17:59.542,46.0656952,11.0969933,325.93,95.83,358.78,null
SMAR,2023-04-27 09:17:59.584,46.0656952,11.0969933,325.74,95.09,359.01,null
SMAR,2023-04-27 09:17:59.615,46.0656952,11.0969933,325.61,94.44,359.1,null
SMAR,2023-04-27 09:17:59.651,46.0656952,11.0969933,325.62,93.9,359.02,null
SMAR,2023-04-27 09:17:59.685,46.0656952,11.0969933,325.72,93.52,358.78,null
STON,2023-04-27 09:17:59.685,46.06572656816667,11.096975007666666,-1.362639,278.14949,0.032854,1
SMAR,2023-04-27 09:17:59.722,46.0656952,11.0969933,325.87,93.17,358.51,null
SMAR,2023-04-27 09:17:59.75,46.0656952,11.0969933,326.02,92.63,358.35,null
SMAR,2023-04-27 09:17:59.79,46.0656952,11.0969933,326.07,91.96,358.19,null
SMAR,2023-04-27 09:17:59.838,46.0656952,11.0969933,326.08,91.16,358.03,null
SMAR,2023-04-27 09:17:59.867,46.0656952,11.0969933,326.02,90.16,358.0,null
SMAR,2023-04-27 09:17:59.893,46.0656952,11.0969933,325.85,89.17,358.02,null
SMAR,2023-04-27 09:17:59.913,46.0656952,11.0969933,325.78,88.26,357.97,null
STON,2023-04-27 09:17:59.913,46.06572656816667,11.096975007666666,-1.360573,278.117531,0.032116,1
SMAR,2023-04-27 09:17:59.948,46.0656952,11.0969933,325.65,87.21,358.1,null
SMAR,2023-04-27 09:17:59.981,46.0656952,11.0969933,325.61,86.15,358.07,null
SMAR,2023-04-27 09:18:00.01,46.0656952,11.0969932,325.74,85.17,357.66,null
SMAR,2023-04-27 09:18:00.039,46.0656952,11.0969932,325.83,84.03,357.27,null
SMAR,2023-04-27 09:18:00.071,46.0656952,11.0969932,325.77,82.8,357.32,null
SMAR,2023-04-27 09:18:00.106,46.0656952,11.0969932,325.76,81.62,357.76,null
SMAR,2023-04-27 09:18:00.147,46.0656952,11.0969932,325.88,80.79,358.2,null
STON,2023-04-27 09:18:00.147,46.06572656816667,11.096975007666666,-1.360491,278.137268,0.032791,1
SMAR,2023-04-27 09:18:00.179,46.0656952,11.0969932,326.11,80.31,358.27,null
SMAR,2023-04-27 09:18:00.214,46.0656952,11.0969932,326.53,79.88,358.18,null
SMAR,2023-04-27 09:18:00.244,46.0656952,11.0969932,326.84,79.39,358.04,null
SMAR,2023-04-27 09:18:00.276,46.0656979,11.0969911,326.96,78.88,357.82,null
STON,2023-04-27 09:18:00.276,46.06572656816667,11.096975007666666,-1.361242,278.162949,0.030659,1
SMAR,2023-04-27 09:18:00.308,46.0656979,11.0969911,326.9,78.31,357.62,null
SMAR,2023-04-27 09:18:00.35,46.0656979,11.0969911,326.95,77.79,357.48,null
SMAR,2023-04-27 09:18:00.38,46.0656979,11.0969911,327.04,77.31,357.5,null
STON,2023-04-27 09:18:00.38,46.06572663066667,11.096975035,-1.361242,278.162949,0.030659,1
STON,2023-04-27 09:18:00.38,46.06572663066667,11.096975035,-1.361242,278.162949,0.030659,1
SMAR,2023-04-27 09:18:00.416,46.0656979,11.0969911,327.2,77.01,357.49,null
SMAR,2023-04-27 09:18:00.449,46.0656979,11.0969911,327.27,77.11,357.17,null
SMAR,2023-04-27 09:18:00.477,46.0656979,11.0969911,327.28,77.4,356.78,null
STON,2023-04-27 09:18:00.477,46.06572663066667,11.096975035,-1.362123,278.14768200000003,0.030079,1
SMAR,2023-04-27 09:18:00.512,46.0656979,11.0969911,327.39,78.13,356.32,null
SMAR,2023-04-27 09:18:00.545,46.0656979,11.0969911,327.62,79.1,355.93,null
SMAR,2023-04-27 09:18:00.582,46.0656979,11.0969911,327.81,79.63,355.88,null
SMAR,2023-04-27 09:18:00.609,46.0656979,11.0969911,328.0,79.95,355.82,null
SMAR,2023-04-27 09:18:00.649,46.0656979,11.0969911,328.15,80.33,355.63,null
SMAR,2023-04-27 09:18:00.685,46.0656979,11.0969911,328.35,80.1,355.69,null
STON,2023-04-27 09:18:00.685,46.06572663066667,11.096975035,-1.363631,278.14124300000003,0.027034,1
SMAR,2023-04-27 09:18:00.721,46.0656979,11.0969911,328.4,79.7,355.73,null
SMAR,2023-04-27 09:18:00.753,46.0656979,11.0969911,328.53,79.35,355.51,null
SMAR,2023-04-27 09:18:00.786,46.0656979,11.0969911,328.9,79.06,355.13,null
SMAR,2023-04-27 09:18:00.821,46.0656979,11.0969911,329.25,78.65,354.91,null
SMAR,2023-04-27 09:18:00.855,46.0656979,11.0969911,329.48,78.23,354.82,null
SMAR,2023-04-27 09:18:00.887,46.0656979,11.0969911,329.62,77.89,354.94,null
STON,2023-04-27 09:18:00.887,46.06572663066667,11.096975035,-1.360549,278.13460499999997,0.026363,1
SMAR,2023-04-27 09:18:00.917,46.0656979,11.0969911,329.85,77.39,355.28,null
SMAR,2023-04-27 09:18:00.952,46.0656979,11.0969911,330.03,77.02,355.47,null
SMAR,2023-04-27 09:18:00.986,46.0656979,11.0969911,330.1,76.81,355.48,null
SMAR,2023-04-27 09:18:01.017,46.0656979,11.0969911,330.13,76.58,355.51,null
SMAR,2023-04-27 09:18:01.046,46.0656979,11.0969911,330.1,76.44,355.52,null
SMAR,2023-04-27 09:18:01.08,46.0656979,11.0969911,330.02,76.23,355.58,null
STON,2023-04-27 09:18:01.08,46.06572663066667,11.096975035,-1.360063,278.176987,0.024442,1
SMAR,2023-04-27 09:18:01.112,46.0656979,11.0969911,329.95,75.85,355.76,null
SMAR,2023-04-27 09:18:01.145,46.0656979,11.0969911,329.74,75.15,356.09,null
SMAR,2023-04-27 09:18:01.18,46.0656979,11.0969911,329.35,73.89,356.72,null
SMAR,2023-04-27 09:18:01.207,46.0656979,11.0969911,328.81,72.68,357.23,null
SMAR,2023-04-27 09:18:01.245,46.0656996,11.0969899,328.39,71.83,357.44,null
SMAR,2023-04-27 09:18:01.276,46.0656996,11.0969899,328.18,71.21,357.54,null
SMAR,2023-04-27 09:18:01.313,46.0656996,11.0969899,328.06,70.47,357.78,null
STON,2023-04-27 09:18:01.313,46.06572663066667,11.096975035,-1.359587,278.20390299999997,0.023992,1
SMAR,2023-04-27 09:18:01.343,46.0656996,11.0969899,327.8,69.67,358.1,null
SMAR,2023-04-27 09:18:01.378,46.0656996,11.0969899,327.49,68.5,358.58,null
SMAR,2023-04-27 09:18:01.417,46.0656996,11.0969899,327.13,67.1,359.09,null
SMAR,2023-04-27 09:18:01.447,46.0656996,11.0969899,326.8,65.67,359.44,null
STON,2023-04-27 09:18:01.447,46.0657265825,11.096975120333333,-1.359587,278.20390299999997,0.023992,1
SMAR,2023-04-27 09:18:01.48,46.0656996,11.0969899,326.51,64.35,359.61,null
STON,2023-04-27 09:18:01.48,46.0657265825,11.096975120333333,-1.359587,278.20390299999997,0.023992,1
SMAR,2023-04-27 09:18:01.52,46.0656996,11.0969899,326.33,62.92,359.75,null
STON,2023-04-27 09:18:01.52,46.0657265825,11.096975120333333,-1.361575,278.185341,0.02254,1
SMAR,2023-04-27 09:18:01.556,46.0656996,11.0969899,326.21,61.45,359.81,null
SMAR,2023-04-27 09:18:01.591,46.0656996,11.0969899,325.93,60.11,359.78,null
SMAR,2023-04-27 09:18:01.628,46.0656996,11.0969899,325.51,58.75,359.79,null
SMAR,2023-04-27 09:18:01.66,46.0656996,11.0969899,325.1,57.12,359.9,null
SMAR,2023-04-27 09:18:01.697,46.0656996,11.0969899,324.86,55.75,0.01,null
SMAR,2023-04-27 09:18:01.717,46.0656996,11.0969899,325.07,54.57,0.07,null
STON,2023-04-27 09:18:01.717,46.0657265825,11.096975120333333,-1.362301,278.170822,0.021667,1
SMAR,2023-04-27 09:18:01.744,46.0656996,11.0969899,325.41,53.59,0.05,null
SMAR,2023-04-27 09:18:01.783,46.0656996,11.0969899,325.28,53.34,359.6,null
SMAR,2023-04-27 09:18:01.822,46.0656996,11.0969899,325.28,53.4,358.97,null
SMAR,2023-04-27 09:18:01.86,46.0656996,11.0969899,325.93,53.11,358.42,null
SMAR,2023-04-27 09:18:01.893,46.0656996,11.0969899,326.1,52.55,358.19,null
SMAR,2023-04-27 09:18:01.927,46.0656996,11.0969899,325.92,52.06,358.11,null
STON,2023-04-27 09:18:01.927,46.0657265825,11.096975120333333,-1.361695,278.163971,0.022829,1
SMAR,2023-04-27 09:18:01.959,46.0656996,11.0969899,325.53,51.88,358.21,null
SMAR,2023-04-27 09:18:02.009,46.0656996,11.0969899,325.0,51.56,358.85,null
SMAR,2023-04-27 09:18:02.029,46.0656996,11.0969899,324.46,51.44,359.68,null
SMAR,2023-04-27 09:18:02.058,46.0656996,11.0969899,324.26,51.63,0.24,null
SMAR,2023-04-27 09:18:02.098,46.0656996,11.0969899,324.36,52.08,0.39,null
SMAR,2023-04-27 09:18:02.141,46.0656996,11.0969899,324.84,52.18,0.55,null
STON,2023-04-27 09:18:02.141,46.0657265825,11.096975120333333,-1.359246,278.149055,0.024256,1
SMAR,2023-04-27 09:18:02.174,46.0656996,11.0969899,325.46,52.28,0.56,null
SMAR,2023-04-27 09:18:02.195,46.0656996,11.0969899,326.2,52.26,0.62,null
SMAR,2023-04-27 09:18:02.228,46.0656996,11.0969899,327.06,51.98,0.74,null
SMAR,2023-04-27 09:18:02.262,46.0656996,11.0969899,327.98,51.77,0.76,null
SMAR,2023-04-27 09:18:02.292,46.0656996,11.0969899,328.88,51.64,0.97,null
SMAR,2023-04-27 09:18:02.328,46.0657006,11.0969892,329.95,51.8,1.14,null
SMAR,2023-04-27 09:18:02.363,46.0657006,11.0969892,330.98,52.33,1.15,null
STON,2023-04-27 09:18:02.363,46.0657265825,11.096975120333333,-1.360052,278.164764,0.025107,1
SMAR,2023-04-27 09:18:02.397,46.0657006,11.0969892,331.62,52.83,1.1,null
SMAR,2023-04-27 09:18:02.43,46.0657006,11.0969892,331.77,53.27,0.93,null
STON,2023-04-27 09:18:02.43,46.06572662966666,11.096975160833333,-1.360052,278.164764,0.025107,1
SMAR,2023-04-27 09:18:02.465,46.0657006,11.0969892,331.52,53.8,0.65,null
STON,2023-04-27 09:18:02.465,46.06572662966666,11.096975160833333,-1.360052,278.164764,0.025107,1
SMAR,2023-04-27 09:18:02.494,46.0657006,11.0969892,331.13,54.29,0.3,null
SMAR,2023-04-27 09:18:02.529,46.0657006,11.0969892,331.06,54.17,0.23,null
SMAR,2023-04-27 09:18:02.569,46.0657006,11.0969892,331.38,53.68,0.21,null
SMAR,2023-04-27 09:18:02.611,46.0657006,11.0969892,331.81,53.23,0.04,null
SMAR,2023-04-27 09:18:02.645,46.0657006,11.0969892,332.09,52.4,0.15,null
SMAR,2023-04-27 09:18:02.664,46.0657006,11.0969892,332.36,51.25,0.43,null
SMAR,2023-04-27 09:18:02.7,46.0657006,11.0969892,332.71,50.08,0.6,null
SMAR,2023-04-27 09:18:02.737,46.0657006,11.0969892,333.01,48.7,0.66,null
SMAR,2023-04-27 09:18:02.777,46.0657006,11.0969892,333.32,47.35,0.75,null
SMAR,2023-04-27 09:18:02.793,46.0657006,11.0969892,333.62,45.93,0.83,null
SMAR,2023-04-27 09:18:02.836,46.0657006,11.0969892,333.74,44.4,0.96,null
SMAR,2023-04-27 09:18:02.857,46.0657006,11.0969892,333.96,42.83,1.04,null
STON,2023-04-27 09:18:02.857,46.06572662966666,11.096975160833333,-1.356763,278.1511,0.026455,1
STON,2023-04-27 09:18:02.857,46.06572662966666,11.096975160833333,-1.358472,278.13755000000003,0.02865,1
SMAR,2023-04-27 09:18:02.902,46.0657006,11.0969892,334.34,41.21,1.08,null
SMAR,2023-04-27 09:18:02.922,46.0657006,11.0969892,334.69,39.62,1.17,null
SMAR,2023-04-27 09:18:02.951,46.0657006,11.0969892,334.93,38.29,1.18,null
STON,2023-04-27 09:18:02.951,46.06572662966666,11.096975160833333,-1.358107,278.140419,0.026552,1
SMAR,2023-04-27 09:18:02.982,46.0657006,11.0969892,334.92,37.04,1.17,null
SMAR,2023-04-27 09:18:03.016,46.0657006,11.0969892,334.77,35.59,1.25,null
SMAR,2023-04-27 09:18:03.048,46.0657006,11.0969892,334.69,33.87,1.42,null
SMAR,2023-04-27 09:18:03.079,46.0657006,11.0969892,334.75,32.09,1.67,null
STON,2023-04-27 09:18:03.079,46.06572662966666,11.096975160833333,-1.357963,278.157021,0.027884,1
SMAR,2023-04-27 09:18:03.113,46.0657006,11.0969892,334.62,30.59,1.89,null
SMAR,2023-04-27 09:18:03.153,46.0657006,11.0969892,334.31,29.31,1.99,null
SMAR,2023-04-27 09:18:03.184,46.0657006,11.0969892,334.07,27.9,2.15,null
SMAR,2023-04-27 09:18:03.216,46.0657006,11.0969892,333.8,26.33,2.39,null
SMAR,2023-04-27 09:18:03.253,46.0657014,11.0969886,333.43,24.87,2.52,null
SMAR,2023-04-27 09:18:03.282,46.0657014,11.0969886,332.98,23.48,2.68,null
STON,2023-04-27 09:18:03.282,46.06572662966666,11.096975160833333,-1.360418,278.10634600000003,0.030255,1
SMAR,2023-04-27 09:18:03.311,46.0657014,11.0969886,332.55,22.14,2.84,null
SMAR,2023-04-27 09:18:03.353,46.0657014,11.0969886,332.16,20.86,2.96,null
STON,2023-04-27 09:18:03.353,46.06572663516667,11.096975198833332,-1.360418,278.10634600000003,0.030255,1
STON,2023-04-27 09:18:03.353,46.06572663516667,11.096975198833332,-1.360418,278.10634600000003,0.030255,1
SMAR,2023-04-27 09:18:03.382,46.0657014,11.0969886,331.71,19.73,3.02,null
SMAR,2023-04-27 09:18:03.414,46.0657014,11.0969886,331.3,18.7,3.17,null
SMAR,2023-04-27 09:18:03.449,46.0657014,11.0969886,330.92,17.75,3.3,null
SMAR,2023-04-27 09:18:03.483,46.0657014,11.0969886,330.5,16.82,3.48,null
SMAR,2023-04-27 09:18:03.514,46.0657014,11.0969886,329.97,15.96,3.64,null
STON,2023-04-27 09:18:03.514,46.06572663516667,11.096975198833332,-1.358359,278.103844,0.032755,1
SMAR,2023-04-27 09:18:03.546,46.0657014,11.0969886,329.2,15.1,3.77,null
SMAR,2023-04-27 09:18:03.582,46.0657014,11.0969886,328.31,14.15,3.92,null
SMAR,2023-04-27 09:18:03.622,46.0657014,11.0969886,327.56,13.39,3.89,null
SMAR,2023-04-27 09:18:03.648,46.0657014,11.0969886,326.72,12.94,3.76,null
SMAR,2023-04-27 09:18:03.683,46.0657014,11.0969886,326.01,12.56,3.66,null
STON,2023-04-27 09:18:03.683,46.06572663516667,11.096975198833332,-1.359889,278.121696,0.029073,1
SMAR,2023-04-27 09:18:03.713,46.0657014,11.0969886,325.49,12.38,3.36,null
SMAR,2023-04-27 09:18:03.753,46.0657014,11.0969886,325.16,12.26,3.11,null
SMAR,2023-04-27 09:18:03.786,46.0657014,11.0969886,324.79,12.29,2.91,null
SMAR,2023-04-27 09:18:03.816,46.0657014,11.0969886,324.28,12.61,2.48,null
SMAR,2023-04-27 09:18:03.859,46.0657014,11.0969886,323.53,13.1,1.88,null
SMAR,2023-04-27 09:18:03.899,46.0657014,11.0969886,322.52,13.29,1.46,null
SMAR,2023-04-27 09:18:03.932,46.0657014,11.0969886,321.5,13.31,1.14,null
SMAR,2023-04-27 09:18:03.965,46.0657014,11.0969886,320.74,13.56,0.52,null
SMAR,2023-04-27 09:18:04.014,46.0657014,11.0969886,319.88,13.86,359.87,null
SMAR,2023-04-27 09:18:04.032,46.0657014,11.0969886,318.79,13.94,359.47,null
STON,2023-04-27 09:18:04.032,46.06572663516667,11.096975198833332,-1.360761,278.119354,0.027547,1
SMAR,2023-04-27 09:18:04.067,46.0657014,11.0969886,317.87,14.02,359.25,null
SMAR,2023-04-27 09:18:04.099,46.0657014,11.0969886,317.02,14.35,359.16,null
SMAR,2023-04-27 09:18:04.146,46.0657014,11.0969886,315.93,14.72,359.19,null
STON,2023-04-27 09:18:04.146,46.06572663516667,11.096975198833332,-1.360799,278.11351,0.028258,1
SMAR,2023-04-27 09:18:04.179,46.0657014,11.0969886,314.82,15.04,359.38,null
SMAR,2023-04-27 09:18:04.197,46.0657014,11.0969886,313.79,15.4,359.5,null
SMAR,2023-04-27 09:18:04.233,46.0657014,11.0969886,312.97,15.62,359.6,null
SMAR,2023-04-27 09:18:04.268,46.0657015,11.0969884,312.37,15.47,359.88,null
SMAR,2023-04-27 09:18:04.3,46.0657015,11.0969884,311.77,15.33,0.01,null
SMAR,2023-04-27 09:18:04.337,46.0657015,11.0969884,311.19,15.19,359.96,null
STON,2023-04-27 09:18:04.337,46.06572663516667,11.096975198833332,-1.364883,278.067398,0.027261,1
STON,2023-04-27 09:18:04.337,46.0657266825,11.096975230833333,-1.364883,278.067398,0.027261,1
STON,2023-04-27 09:18:04.337,46.0657266825,11.096975230833333,-1.364883,278.067398,0.027261,1
SMAR,2023-04-27 09:18:04.366,46.0657015,11.0969884,310.61,14.99,359.89,null
SMAR,2023-04-27 09:18:04.4,46.0657015,11.0969884,309.94,14.57,359.96,null
SMAR,2023-04-27 09:18:04.434,46.0657015,11.0969884,309.24,14.16,359.83,null
SMAR,2023-04-27 09:18:04.465,46.0657015,11.0969884,308.76,13.72,359.65,null
STON,2023-04-27 09:18:04.465,46.0657266825,11.096975230833333,-1.366146,278.088364,0.027443,1
SMAR,2023-04-27 09:18:04.506,46.0657015,11.0969884,308.43,13.11,359.45,null
SMAR,2023-04-27 09:18:04.535,46.0657015,11.0969884,308.11,12.5,359.1,null
SMAR,2023-04-27 09:18:04.566,46.0657015,11.0969884,307.95,11.88,358.76,null
SMAR,2023-04-27 09:18:04.597,46.0657015,11.0969884,308.14,11.18,358.39,null
SMAR,2023-04-27 09:18:04.631,46.0657015,11.0969884,308.44,10.61,357.85,null
SMAR,2023-04-27 09:18:04.665,46.0657015,11.0969884,308.68,10.12,357.19,null
STON,2023-04-27 09:18:04.665,46.0657266825,11.096975230833333,-1.36613,278.046646,0.022637,1
SMAR,2023-04-27 09:18:04.699,46.0657015,11.0969884,308.48,9.14,357.45,null
SMAR,2023-04-27 09:18:04.73,46.0657015,11.0969884,308.19,8.12,357.88,null
SMAR,2023-04-27 09:18:04.764,46.0657015,11.0969884,307.71,7.34,358.01,null
SMAR,2023-04-27 09:18:04.797,46.0657015,11.0969884,306.88,6.5,358.15,null
SMAR,2023-04-27 09:18:04.83,46.0657015,11.0969884,306.05,5.44,358.67,null
SMAR,2023-04-27 09:18:04.864,46.0657015,11.0969884,305.25,4.44,359.26,null
SMAR,2023-04-27 09:18:04.896,46.0657015,11.0969884,304.59,3.68,359.43,null
STON,2023-04-27 09:18:04.896,46.0657266825,11.096975230833333,-1.367611,278.043297,0.020821,1
SMAR,2023-04-27 09:18:04.929,46.0657015,11.0969884,304.11,3.14,359.39,null
SMAR,2023-04-27 09:18:04.963,46.0657015,11.0969884,304.1,2.33,359.43,null
SMAR,2023-04-27 09:18:04.997,46.0657015,11.0969884,304.25,1.57,359.37,null
SMAR,2023-04-27 09:18:05.027,46.0657015,11.0969884,304.21,0.98,359.16,null
SMAR,2023-04-27 09:18:05.061,46.0657015,11.0969884,303.96,0.28,359.22,null
STON,2023-04-27 09:18:05.061,46.0657266825,11.096975230833333,-1.364829,278.094986,0.021248,1
SMAR,2023-04-27 09:18:05.098,46.0657015,11.0969884,303.61,359.67,359.41,null
SMAR,2023-04-27 09:18:05.128,46.0657015,11.0969884,303.07,359.36,359.49,null
SMAR,2023-04-27 09:18:05.163,46.0657015,11.0969884,302.51,359.32,359.24,null
SMAR,2023-04-27 09:18:05.196,46.0657015,11.0969884,302.03,359.35,358.96,null
SMAR,2023-04-27 09:18:05.229,46.0657015,11.0969884,301.34,359.5,358.64,null
SMAR,2023-04-27 09:18:05.261,46.0657016,11.0969884,300.32,359.8,358.19,null
SMAR,2023-04-27 09:18:05.294,46.0657016,11.0969884,299.9,359.65,358.49,null
STON,2023-04-27 09:18:05.294,46.0657266825,11.096975230833333,-1.364307,278.096657,0.022184,1
SMAR,2023-04-27 09:18:05.328,46.0657016,11.0969884,299.71,359.47,358.89,null
STON,2023-04-27 09:18:05.328,46.06572668216667,11.096975180166666,-1.364307,278.096657,0.022184,1
STON,2023-04-27 09:18:05.328,46.06572668216667,11.096975180166666,-1.364307,278.096657,0.022184,1
SMAR,2023-04-27 09:18:05.359,46.0657016,11.0969884,299.16,359.63,358.73,null
SMAR,2023-04-27 09:18:05.399,46.0657016,11.0969884,298.99,359.72,358.75,null
SMAR,2023-04-27 09:18:05.442,46.0657016,11.0969884,298.8,359.61,358.86,null
SMAR,2023-04-27 09:18:05.476,46.0657016,11.0969884,298.51,359.38,359.18,null
SMAR,2023-04-27 09:18:05.508,46.0657016,11.0969884,298.67,359.19,359.34,null
SMAR,2023-04-27 09:18:05.543,46.0657016,11.0969884,299.27,359.15,359.04,null
SMAR,2023-04-27 09:18:05.563,46.0657016,11.0969884,299.41,359.13,358.58,null
SMAR,2023-04-27 09:18:05.607,46.0657016,11.0969884,299.08,358.97,358.34,null
SMAR,2023-04-27 09:18:05.641,46.0657016,11.0969884,298.48,358.73,358.48,null
SMAR,2023-04-27 09:18:05.676,46.0657016,11.0969884,298.01,358.4,358.82,null
STON,2023-04-27 09:18:05.676,46.06572668216667,11.096975180166666,-1.361903,278.113899,0.01926,1
SMAR,2023-04-27 09:18:05.709,46.0657016,11.0969884,297.61,358.2,358.96,null
SMAR,2023-04-27 09:18:05.741,46.0657016,11.0969884,297.28,358.02,359.03,null
SMAR,2023-04-27 09:18:05.775,46.0657016,11.0969884,297.02,357.82,358.89,null
SMAR,2023-04-27 09:18:05.809,46.0657016,11.0969884,296.83,357.53,358.96,null
SMAR,2023-04-27 09:18:05.84,46.0657016,11.0969884,296.87,357.27,359.07,null
SMAR,2023-04-27 09:18:05.873,46.0657016,11.0969884,297.31,357.32,358.58,null
SMAR,2023-04-27 09:18:05.905,46.0657016,11.0969884,297.26,357.65,357.5,null
STON,2023-04-27 09:18:05.905,46.06572668216667,11.096975180166666,-1.360437,278.101921,0.016562,1
SMAR,2023-04-27 09:18:05.931,46.0657016,11.0969884,296.99,358.02,356.75,null
SMAR,2023-04-27 09:18:05.971,46.0657016,11.0969884,296.71,358.54,355.98,null
SMAR,2023-04-27 09:18:06.005,46.0657016,11.0969884,296.42,359.17,355.17,null
SMAR,2023-04-27 09:18:06.039,46.0657016,11.0969884,296.16,359.51,354.95,null
SMAR,2023-04-27 09:18:06.071,46.0657016,11.0969884,296.06,359.49,355.27,null
SMAR,2023-04-27 09:18:06.105,46.0657016,11.0969884,295.71,359.71,355.08,null
STON,2023-04-27 09:18:06.105,46.06572668216667,11.096975180166666,-1.356885,278.058449,0.015125,1
SMAR,2023-04-27 09:18:06.138,46.0657016,11.0969884,295.47,359.83,355.06,null
SMAR,2023-04-27 09:18:06.17,46.0657016,11.0969884,295.27,359.53,355.7,null
SMAR,2023-04-27 09:18:06.203,46.0657016,11.0969884,294.92,359.16,356.55,null
SMAR,2023-04-27 09:18:06.237,46.0657016,11.0969883,294.54,359.07,356.91,null
SMAR,2023-04-27 09:18:06.269,46.0657016,11.0969883,294.09,359.05,356.93,null
STON,2023-04-27 09:18:06.269,46.06572668216667,11.096975180166666,-1.357062,278.062111,0.014612,1
SMAR,2023-04-27 09:18:06.305,46.0657016,11.0969883,293.56,359.07,356.69,null
STON,2023-04-27 09:18:06.305,46.065726668,11.0969751815,-1.357062,278.062111,0.014612,1
SMAR,2023-04-27 09:18:06.336,46.0657016,11.0969883,293.13,359.09,356.59,null
STON,2023-04-27 09:18:06.336,46.065726668,11.0969751815,-1.357062,278.062111,0.014612,1
SMAR,2023-04-27 09:18:06.368,46.0657016,11.0969883,293.04,358.91,356.88,null
SMAR,2023-04-27 09:18:06.403,46.0657016,11.0969883,293.02,358.9,356.82,null
SMAR,2023-04-27 09:18:06.437,46.0657016,11.0969883,293.11,358.93,356.83,null
SMAR,2023-04-27 09:18:06.471,46.0657016,11.0969883,293.42,358.82,357.12,null
STON,2023-04-27 09:18:06.471,46.065726668,11.0969751815,-1.356161,278.059975,0.013247,1
SMAR,2023-04-27 09:18:06.501,46.0657016,11.0969883,293.56,358.81,357.11,null
SMAR,2023-04-27 09:18:06.534,46.0657016,11.0969883,293.56,358.86,356.98,null
SMAR,2023-04-27 09:18:06.567,46.0657016,11.0969883,293.75,358.75,357.19,null
SMAR,2023-04-27 09:18:06.6,46.0657016,11.0969883,294.1,358.61,357.55,null
SMAR,2023-04-27 09:18:06.636,46.0657016,11.0969883,294.52,358.56,357.75,null
SMAR,2023-04-27 09:18:06.668,46.0657016,11.0969883,294.52,358.54,357.96,null
SMAR,2023-04-27 09:18:06.703,46.0657016,11.0969883,294.37,358.7,357.75,null
STON,2023-04-27 09:18:06.703,46.065726668,11.0969751815,-1.354568,278.049171,0.010227,1
SMAR,2023-04-27 09:18:06.732,46.0657016,11.0969883,294.43,358.84,357.56,null
SMAR,2023-04-27 09:18:06.767,46.0657016,11.0969883,294.56,358.78,357.76,null
SMAR,2023-04-27 09:18:06.801,46.0657016,11.0969883,294.59,358.66,358.13,null
SMAR,2023-04-27 09:18:06.834,46.0657016,11.0969883,294.63,358.58,358.38,null
SMAR,2023-04-27 09:18:06.865,46.0657016,11.0969883,294.81,358.5,358.6,null
STON,2023-04-27 09:18:06.865,46.065726668,11.0969751815,-1.355729,278.052902,0.009919,1
SMAR,2023-04-27 09:18:06.897,46.0657016,11.0969883,294.84,358.51,358.64,null
SMAR,2023-04-27 09:18:06.934,46.0657016,11.0969883,294.89,358.53,358.67,null
SMAR,2023-04-27 09:18:06.964,46.0657016,11.0969883,295.17,358.55,358.7,null
SMAR,2023-04-27 09:18:07.002,46.0657016,11.0969883,295.33,358.62,358.71,null
SMAR,2023-04-27 09:18:07.032,46.0657016,11.0969883,295.36,358.6,358.74,null
SMAR,2023-04-27 09:18:07.068,46.0657016,11.0969883,295.46,358.51,358.96,null
STON,2023-04-27 09:18:07.068,46.065726668,11.0969751815,-1.355256,278.048706,0.007709,1
SMAR,2023-04-27 09:18:07.096,46.0657016,11.0969883,295.55,358.46,359.05,null
SMAR,2023-04-27 09:18:07.134,46.0657016,11.0969883,295.64,358.31,359.35,null
SMAR,2023-04-27 09:18:07.164,46.0657016,11.0969883,295.86,358.13,359.7,null
SMAR,2023-04-27 09:18:07.203,46.0657016,11.0969883,296.08,358.08,359.76,null
SMAR,2023-04-27 09:18:07.237,46.0657016,11.0969883,296.22,358.02,359.76,null
SMAR,2023-04-27 09:18:07.265,46.0657017,11.0969883,296.3,357.92,359.78,null
SMAR,2023-04-27 09:18:07.296,46.0657017,11.0969883,296.35,357.78,359.92,null
STON,2023-04-27 09:18:07.296,46.065726668,11.0969751815,-1.356535,278.027313,0.0041,1
SMAR,2023-04-27 09:18:07.332,46.0657017,11.0969883,296.34,357.66,0.03,null
SMAR,2023-04-27 09:18:07.363,46.0657017,11.0969883,296.3,357.5,0.15,null
SMAR,2023-04-27 09:18:07.394,46.0657017,11.0969883,296.39,357.27,0.39,null
STON,2023-04-27 09:18:07.394,46.065726659,11.096975197833334,-1.356535,278.027313,0.0041,1
SMAR,2023-04-27 09:18:07.427,46.0657017,11.0969883,296.22,357.19,0.61,null
